Timestamp (UTC);Field_01;Field_02;Field_03;Field_04;Field_05;Field_06;Field_07;Field_08;Field_09;Field_10;Field_11;Field_12;Field_13;Field_14;Field_15;Field_16;Field_17;Field_18;Field_19;Field_20;Field_21;Field_22;Field_23;Field_24;Field_25;Field_26;Field_27;Field_28;Field_30;Field_31;Field_32;Field_33;Field_34;Field_35;Field_60;Field_90;Field_91;Field_93
2022-11-10T15:30:04.726194;0000.000;0000.02;00;00;   NP;   C;-9.999;20000;00060;13821;00000;013;450994;2.11.6;2.11.1;0.50;24.3;0;12:00:10 ;17:30:00;10.11.2022;DEMO;1;0000.02;000;026;014;014;00.000;0000.0;0000.02;-9.99;0000.00;0000.00;00000000;-9.999;-9.999;-9.999;-9.999;-9.999;-9.999;-9.999;-9.999;-9.999;-9.999;-9.999;-9.999;-9.999;-9.999;-9.999;-9.999;-9.999;-9.999;-9.999;-9.999;-9.999;-9.999;-9.999;-9.999;-9.999;-9.999;-9.999;-9.999;-9.999;-9.999;-9.999;-9.999;00.000;00.000;00.000;00.000;00.000;00.000;00.000;00.000;00.000;00.000;00.000;00.000;00.000;00.000;00.000;00.000;00.000;00.000;00.000;00.000;00.000;00.000;00.000;00.000;00.000;00.000;00.000;00.000;00.000;00.000;00.000;00.000;000000000000000000000000000000000000000000000000000000000000000000000000000000000000000000000000000000000000000000000000000000000000000000000000000000000000000000000000000000000000000000000000000000000000000000000000000000000000000000000000000000000000000000000000000000000000000000000000000000000000000000000000000000000000000000000000000000000000000000000000000000000000000000000000000000000000000000000000000000000000000000000000000000000000000000000000000000000000000000000000000000000000000000000000000000000000000000000000000000000000000000000000000000000000000000000000000000000000000000000000000000000000000000000000000000000000000000000000000000000000000000000000000000000000000000000000000000000000000000000000000000000000000000000000000000000000000000000000000000000000000000000000000000000000000000000000000000000000000000000000000000000000000000000000000000000000000000000000000000000000000000000000000000000000000000000000000000000000000000000000000000000000000000000000000000000000000000000000000000000000000000000000000000000000000000000000000000000000000000000000000000000000000000000000000000000000000000000000000000000000000000000000000000000000000000000000000000000000000000000000000000000000000000000000000000000000000000000000000000000000000000000000000000000000000000000000000000000000000000000000000000000000000000000000000000000000000000000000000000000000000000000000000000000000000000000000000000000000000000000000000000000000000000000000000000000000000000000000000000000000000000000000000000000000000000000000000000000000000000000000000000000000000000000000000000000000000000000000000000000000000000000000000000000000000000000000000000000000000000000000000000000000000000000000000000000000000000000000000000000000000000000000000000000000000000000000000000000000000000000000000000000000000000000000000000000000000000000000000000000000000000000000000000000000000000000000000000000000000000000000000000000000000000000000000000000000000000000000000000000000000000000000000000000000000000000000000000000000000000000000000000000000000000000000000000000000000000000000000000000000000000000000000000000000000000000000000000000000000000000000000000000000000000000000000000000000000000000000000000000000000000000000000000000000000000000000000000000000000000000000000000000000000000000000000000000000000000000000000000000000000000000000000000000000000000000000000000000000000000000000000000000000000000000000000000000000000000000000000000000000000000000000000000000000000000000000000000000000000000000000000000000000000000000000000000000000000000000000000000000000000000000000000000000000000000000000000000000000000000000000000000000000000000000000000000000000000000000000000000000000000000000000000000000000000000000000000000000000000000000000000000000000000000000000000000000000000000000000000000000000000000000000000000000000000000000000000000000000000000000000000000000000000000000000000000000000000000000000000000000000000000000000000000000000000000000000000000000000000000000000000000000000000000000000000000000000000000000000000000000000000000000000
2022-11-10T15:31:04.741312;0000.000;0000.02;00;00;   NP;   C;-9.999;20000;00060;13822;00000;013;450994;2.11.6;2.11.1;0.50;24.3;0;12:00:10 ;17:31:00;10.11.2022;DEMO;1;0000.02;000;026;014;014;00.000;0000.0;0000.02;-9.99;0000.00;0000.00;00000000;-9.999;-9.999;-9.999;-9.999;-9.999;-9.999;-9.999;-9.999;-9.999;-9.999;-9.999;-9.999;-9.999;-9.999;-9.999;-9.999;-9.999;-9.999;-9.999;-9.999;-9.999;-9.999;-9.999;-9.999;-9.999;-9.999;-9.999;-9.999;-9.999;-9.999;-9.999;-9.999;00.000;00.000;00.000;00.000;00.000;00.000;00.000;00.000;00.000;00.000;00.000;00.000;00.000;00.000;00.000;00.000;00.000;00.000;00.000;00.000;00.000;00.000;00.000;00.000;00.000;00.000;00.000;00.000;00.000;00.000;00.000;00.000;000000000000000000000000000000000000000000000000000000000000000000000000000000000000000000000000000000000000000000000000000000000000000000000000000000000000000000000000000000000000000000000000000000000000000000000000000000000000000000000000000000000000000000000000000000000000000000000000000000000000000000000000000000000000000000000000000000000000000000000000000000000000000000000000000000000000000000000000000000000000000000000000000000000000000000000000000000000000000000000000000000000000000000000000000000000000000000000000000000000000000000000000000000000000000000000000000000000000000000000000000000000000000000000000000000000000000000000000000000000000000000000000000000000000000000000000000000000000000000000000000000000000000000000000000000000000000000000000000000000000000000000000000000000000000000000000000000000000000000000000000000000000000000000000000000000000000000000000000000000000000000000000000000000000000000000000000000000000000000000000000000000000000000000000000000000000000000000000000000000000000000000000000000000000000000000000000000000000000000000000000000000000000000000000000000000000000000000000000000000000000000000000000000000000000000000000000000000000000000000000000000000000000000000000000000000000000000000000000000000000000000000000000000000000000000000000000000000000000000000000000000000000000000000000000000000000000000000000000000000000000000000000000000000000000000000000000000000000000000000000000000000000000000000000000000000000000000000000000000000000000000000000000000000000000000000000000000000000000000000000000000000000000000000000000000000000000000000000000000000000000000000000000000000000000000000000000000000000000000000000000000000000000000000000000000000000000000000000000000000000000000000000000000000000000000000000000000000000000000000000000000000000000000000000000000000000000000000000000000000000000000000000000000000000000000000000000000000000000000000000000000000000000000000000000000000000000000000000000000000000000000000000000000000000000000000000000000000000000000000000000000000000000000000000000000000000000000000000000000000000000000000000000000000000000000000000000000000000000000000000000000000000000000000000000000000000000000000000000000000000000000000000000000000000000000000000000000000000000000000000000000000000000000000000000000000000000000000000000000000000000000000000000000000000000000000000000000000000000000000000000000000000000000000000000000000000000000000000000000000000000000000000000000000000000000000000000000000000000000000000000000000000000000000000000000000000000000000000000000000000000000000000000000000000000000000000000000000000000000000000000000000000000000000000000000000000000000000000000000000000000000000000000000000000000000000000000000000000000000000000000000000000000000000000000000000000000000000000000000000000000000000000000000000000000000000000000000000000000000000000000000000000000000000000000000000000000000000000000000000000000000000000000000000000000000000000000000000000000000000000000000000000000000000000000000000000000000000000000000000000000000000000
2022-11-10T15:32:04.718102;0000.000;0000.02;00;00;   NP;   C;-9.999;20000;00060;13824;00000;013;450994;2.11.6;2.11.1;0.50;24.3;0;12:00:10 ;17:32:00;10.11.2022;DEMO;1;0000.02;000;026;014;014;00.000;0000.0;0000.02;-9.99;0000.00;0000.00;00000000;-9.999;-9.999;-9.999;-9.999;-9.999;-9.999;-9.999;-9.999;-9.999;-9.999;-9.999;-9.999;-9.999;-9.999;-9.999;-9.999;-9.999;-9.999;-9.999;-9.999;-9.999;-9.999;-9.999;-9.999;-9.999;-9.999;-9.999;-9.999;-9.999;-9.999;-9.999;-9.999;00.000;00.000;00.000;00.000;00.000;00.000;00.000;00.000;00.000;00.000;00.000;00.000;00.000;00.000;00.000;00.000;00.000;00.000;00.000;00.000;00.000;00.000;00.000;00.000;00.000;00.000;00.000;00.000;00.000;00.000;00.000;00.000;000000000000000000000000000000000000000000000000000000000000000000000000000000000000000000000000000000000000000000000000000000000000000000000000000000000000000000000000000000000000000000000000000000000000000000000000000000000000000000000000000000000000000000000000000000000000000000000000000000000000000000000000000000000000000000000000000000000000000000000000000000000000000000000000000000000000000000000000000000000000000000000000000000000000000000000000000000000000000000000000000000000000000000000000000000000000000000000000000000000000000000000000000000000000000000000000000000000000000000000000000000000000000000000000000000000000000000000000000000000000000000000000000000000000000000000000000000000000000000000000000000000000000000000000000000000000000000000000000000000000000000000000000000000000000000000000000000000000000000000000000000000000000000000000000000000000000000000000000000000000000000000000000000000000000000000000000000000000000000000000000000000000000000000000000000000000000000000000000000000000000000000000000000000000000000000000000000000000000000000000000000000000000000000000000000000000000000000000000000000000000000000000000000000000000000000000000000000000000000000000000000000000000000000000000000000000000000000000000000000000000000000000000000000000000000000000000000000000000000000000000000000000000000000000000000000000000000000000000000000000000000000000000000000000000000000000000000000000000000000000000000000000000000000000000000000000000000000000000000000000000000000000000000000000000000000000000000000000000000000000000000000000000000000000000000000000000000000000000000000000000000000000000000000000000000000000000000000000000000000000000000000000000000000000000000000000000000000000000000000000000000000000000000000000000000000000000000000000000000000000000000000000000000000000000000000000000000000000000000000000000000000000000000000000000000000000000000000000000000000000000000000000000000000000000000000000000000000000000000000000000000000000000000000000000000000000000000000000000000000000000000000000000000000000000000000000000000000000000000000000000000000000000000000000000000000000000000000000000000000000000000000000000000000000000000000000000000000000000000000000000000000000000000000000000000000000000000000000000000000000000000000000000000000000000000000000000000000000000000000000000000000000000000000000000000000000000000000000000000000000000000000000000000000000000000000000000000000000000000000000000000000000000000000000000000000000000000000000000000000000000000000000000000000000000000000000000000000000000000000000000000000000000000000000000000000000000000000000000000000000000000000000000000000000000000000000000000000000000000000000000000000000000000000000000000000000000000000000000000000000000000000000000000000000000000000000000000000000000000000000000000000000000000000000000000000000000000000000000000000000000000000000000000000000000000000000000000000000000000000000000000000000000000000000000000000000000000000000000000000000000000000000000000000000000000000000000000000000000000000000000000000000
2022-11-10T15:33:04.712786;0000.000;0000.02;00;00;   NP;   C;-9.999;20000;00060;13826;00000;013;450994;2.11.6;2.11.1;0.50;24.3;0;12:00:10 ;17:33:00;10.11.2022;DEMO;1;0000.02;000;026;014;014;00.000;0000.0;0000.02;-9.99;0000.00;0000.00;00000000;-9.999;-9.999;-9.999;-9.999;-9.999;-9.999;-9.999;-9.999;-9.999;-9.999;-9.999;-9.999;-9.999;-9.999;-9.999;-9.999;-9.999;-9.999;-9.999;-9.999;-9.999;-9.999;-9.999;-9.999;-9.999;-9.999;-9.999;-9.999;-9.999;-9.999;-9.999;-9.999;00.000;00.000;00.000;00.000;00.000;00.000;00.000;00.000;00.000;00.000;00.000;00.000;00.000;00.000;00.000;00.000;00.000;00.000;00.000;00.000;00.000;00.000;00.000;00.000;00.000;00.000;00.000;00.000;00.000;00.000;00.000;00.000;000000000000000000000000000000000000000000000000000000000000000000000000000000000000000000000000000000000000000000000000000000000000000000000000000000000000000000000000000000000000000000000000000000000000000000000000000000000000000000000000000000000000000000000000000000000000000000000000000000000000000000000000000000000000000000000000000000000000000000000000000000000000000000000000000000000000000000000000000000000000000000000000000000000000000000000000000000000000000000000000000000000000000000000000000000000000000000000000000000000000000000000000000000000000000000000000000000000000000000000000000000000000000000000000000000000000000000000000000000000000000000000000000000000000000000000000000000000000000000000000000000000000000000000000000000000000000000000000000000000000000000000000000000000000000000000000000000000000000000000000000000000000000000000000000000000000000000000000000000000000000000000000000000000000000000000000000000000000000000000000000000000000000000000000000000000000000000000000000000000000000000000000000000000000000000000000000000000000000000000000000000000000000000000000000000000000000000000000000000000000000000000000000000000000000000000000000000000000000000000000000000000000000000000000000000000000000000000000000000000000000000000000000000000000000000000000000000000000000000000000000000000000000000000000000000000000000000000000000000000000000000000000000000000000000000000000000000000000000000000000000000000000000000000000000000000000000000000000000000000000000000000000000000000000000000000000000000000000000000000000000000000000000000000000000000000000000000000000000000000000000000000000000000000000000000000000000000000000000000000000000000000000000000000000000000000000000000000000000000000000000000000000000000000000000000000000000000000000000000000000000000000000000000000000000000000000000000000000000000000000000000000000000000000000000000000000000000000000000000000000000000000000000000000000000000000000000000000000000000000000000000000000000000000000000000000000000000000000000000000000000000000000000000000000000000000000000000000000000000000000000000000000000000000000000000000000000000000000000000000000000000000000000000000000000000000000000000000000000000000000000000000000000000000000000000000000000000000000000000000000000000000000000000000000000000000000000000000000000000000000000000000000000000000000000000000000000000000000000000000000000000000000000000000000000000000000000000000000000000000000000000000000000000000000000000000000000000000000000000000000000000000000000000000000000000000000000000000000000000000000000000000000000000000000000000000000000000000000000000000000000000000000000000000000000000000000000000000000000000000000000000000000000000000000000000000000000000000000000000000000000000000000000000000000000000000000000000000000000000000000000000000000000000000000000000000000000000000000000000000000000000000000000000000000000000000000000000000000000000000000000000000000000000000000000000000000000000000000000000000000000000000000000000000000000000000000000000000000000000000000000000000000
2022-11-10T15:34:04.727394;0000.000;0000.02;00;00;   NP;   C;-9.999;20000;00060;13810;00000;013;450994;2.11.6;2.11.1;0.50;24.3;0;12:00:10 ;17:34:00;10.11.2022;DEMO;1;0000.02;000;026;014;014;00.000;0000.0;0000.02;-9.99;0000.00;0000.00;00000000;-9.999;-9.999;-9.999;-9.999;-9.999;-9.999;-9.999;-9.999;-9.999;-9.999;-9.999;-9.999;-9.999;-9.999;-9.999;-9.999;-9.999;-9.999;-9.999;-9.999;-9.999;-9.999;-9.999;-9.999;-9.999;-9.999;-9.999;-9.999;-9.999;-9.999;-9.999;-9.999;00.000;00.000;00.000;00.000;00.000;00.000;00.000;00.000;00.000;00.000;00.000;00.000;00.000;00.000;00.000;00.000;00.000;00.000;00.000;00.000;00.000;00.000;00.000;00.000;00.000;00.000;00.000;00.000;00.000;00.000;00.000;00.000;000000000000000000000000000000000000000000000000000000000000000000000000000000000000000000000000000000000000000000000000000000000000000000000000000000000000000000000000000000000000000000000000000000000000000000000000000000000000000000000000000000000000000000000000000000000000000000000000000000000000000000000000000000000000000000000000000000000000000000000000000000000000000000000000000000000000000000000000000000000000000000000000000000000000000000000000000000000000000000000000000000000000000000000000000000000000000000000000000000000000000000000000000000000000000000000000000000000000000000000000000000000000000000000000000000000000000000000000000000000000000000000000000000000000000000000000000000000000000000000000000000000000000000000000000000000000000000000000000000000000000000000000000000000000000000000000000000000000000000000000000000000000000000000000000000000000000000000000000000000000000000000000000000000000000000000000000000000000000000000000000000000000000000000000000000000000000000000000000000000000000000000000000000000000000000000000000000000000000000000000000000000000000000000000000000000000000000000000000000000000000000000000000000000000000000000000000000000000000000000000000000000000000000000000000000000000000000000000000000000000000000000000000000000000000000000000000000000000000000000000000000000000000000000000000000000000000000000000000000000000000000000000000000000000000000000000000000000000000000000000000000000000000000000000000000000000000000000000000000000000000000000000000000000000000000000000000000000000000000000000000000000000000000000000000000000000000000000000000000000000000000000000000000000000000000000000000000000000000000000000000000000000000000000000000000000000000000000000000000000000000000000000000000000000000000000000000000000000000000000000000000000000000000000000000000000000000000000000000000000000000000000000000000000000000000000000000000000000000000000000000000000000000000000000000000000000000000000000000000000000000000000000000000000000000000000000000000000000000000000000000000000000000000000000000000000000000000000000000000000000000000000000000000000000000000000000000000000000000000000000000000000000000000000000000000000000000000000000000000000000000000000000000000000000000000000000000000000000000000000000000000000000000000000000000000000000000000000000000000000000000000000000000000000000000000000000000000000000000000000000000000000000000000000000000000000000000000000000000000000000000000000000000000000000000000000000000000000000000000000000000000000000000000000000000000000000000000000000000000000000000000000000000000000000000000000000000000000000000000000000000000000000000000000000000000000000000000000000000000000000000000000000000000000000000000000000000000000000000000000000000000000000000000000000000000000000000000000000000000000000000000000000000000000000000000000000000000000000000000000000000000000000000000000000000000000000000000000000000000000000000000000000000000000000000000000000000000000000000000000000000000000000000000000000000000000000000000000000000000000000000000000000
2022-11-10T15:35:04.726246;0000.000;0000.02;00;00;   NP;   C;-9.999;20000;00060;13816;00000;013;450994;2.11.6;2.11.1;0.50;24.3;0;12:00:10 ;17:35:00;10.11.2022;DEMO;1;0000.02;000;026;014;014;00.000;0000.0;0000.02;-9.99;0000.00;0000.00;00000001;-9.999;-9.999;-9.999;-9.999;-9.999;-9.999;-9.999;-9.999;-9.999;-9.999;-9.999;-9.999;-9.999;-9.999;-9.999;-9.999;-9.999;-9.999;-9.999;-9.999;-9.999;-9.999;-9.999;-9.999;-9.999;-9.999;-9.999;-9.999;-9.999;-9.999;-9.999;-9.999;00.000;00.000;00.000;00.000;00.000;00.000;00.000;00.000;00.000;00.000;00.000;00.000;00.000;00.000;00.000;00.000;00.000;00.000;00.000;00.000;00.000;00.000;00.000;00.000;00.000;00.000;00.000;00.000;00.000;00.000;00.000;00.000;000000000000000000000000000000000000000000000000000000000000000000000000000000000000000000000000000000000000000000000000000000000000000000000000000000000000000000000000000000000000000000000000000000000000000000000000000000000000000000000000000000000000000000000000000000000000000000000000000000000000000000000000000000000000000000000000000000000000000000000000000000000000000000000000000000000000000000000000000000000000000000000000000000000000000000000000000000000000000000000000000000000000000000000000000000000000000000000000000000000000000000000000000000000000000000000000000000000000000000000000000000000000000000000000000000000000000000000000000000000000000000000000000000000000000000000000000000000000000000000000000000000000000000000000000000000000000000000000000000000000000000000000000000000000000000000000000000000000000000000000000000000000000000000000000000000000000000000000000000000000000000000000000000000000000000000000000000000000000000000000000000000000000000000000000000000000000000000000000000000000000000000000000000000000000000000000000000000000000000000000000000000000000000000000000000000000000000000000000000000000000000000000000000000000000000000000000000000000000000000000000000000000000000000000000000000000000000000000000000000000000000000000000000000000000000000000000000000000000000000000000000000000000000000000000000000000000000000000000000000000000000000000000000000000000000000000000000000000000000000000000000000000000000000000000000000000000000000000000000000000000000000000000000000000000000000000000000000000000000000000000000000000000000000000000000000000000000000000000000000000000000000000000000000000000000000000000000000000000000000000000000000000000000000000000000000000000000000000000000000000000000000000000000000000000000000000000000000000000000000000000000000000000000000000000000000000000000000000000000000000000000000000000000000000000000000000000000000000000000000000000000000000000000000000000000000000000000000000000000000000000000000000000000000000000000000000000000000000000000000000000000000000000000000000000000000000000000000000000000000000000000000000000000000000000000000000000000000000000000000000000000000000000000000000000000000000000000000000000000000000000000000000000000000000000000000000000000000000000000000000000000000000000000000000000000000000000000000000000000000000000000000000000000000000000000000000000000000000000000000000000000000000000000000000000000000000000000000000000000000000000000000000000000000000000000000000000000000000000000000000000000000000000000000000000000000000000000000000000000000000000000000000000000000000000000000000000000000000000000000000000000000000000000000000000000000000000000000000000000000000000000000000000000000000000000000000000000000000000000000000000000000000000000000000000000000000000000000000000000000000000000000000000000000000000000000000000000000000000000000000000000000000000000000000000000000000000000000000000000000000000000000000000000000000000000000000000000000000000000000000000000000000000000000000000000000000000000000000000000000000000000000000
2022-11-10T15:36:04.710625;0000.000;0000.02;00;00;   NP;   C;-9.999;20000;00060;13813;00000;013;450994;2.11.6;2.11.1;0.50;24.3;0;12:00:10 ;17:36:00;10.11.2022;DEMO;1;0000.02;000;026;014;014;00.000;0000.0;0000.02;-9.99;0000.00;0000.00;00000000;-9.999;-9.999;-9.999;-9.999;-9.999;-9.999;-9.999;-9.999;-9.999;-9.999;-9.999;-9.999;-9.999;-9.999;-9.999;-9.999;-9.999;-9.999;-9.999;-9.999;-9.999;-9.999;-9.999;-9.999;-9.999;-9.999;-9.999;-9.999;-9.999;-9.999;-9.999;-9.999;00.000;00.000;00.000;00.000;00.000;00.000;00.000;00.000;00.000;00.000;00.000;00.000;00.000;00.000;00.000;00.000;00.000;00.000;00.000;00.000;00.000;00.000;00.000;00.000;00.000;00.000;00.000;00.000;00.000;00.000;00.000;00.000;000000000000000000000000000000000000000000000000000000000000000000000000000000000000000000000000000000000000000000000000000000000000000000000000000000000000000000000000000000000000000000000000000000000000000000000000000000000000000000000000000000000000000000000000000000000000000000000000000000000000000000000000000000000000000000000000000000000000000000000000000000000000000000000000000000000000000000000000000000000000000000000000000000000000000000000000000000000000000000000000000000000000000000000000000000000000000000000000000000000000000000000000000000000000000000000000000000000000000000000000000000000000000000000000000000000000000000000000000000000000000000000000000000000000000000000000000000000000000000000000000000000000000000000000000000000000000000000000000000000000000000000000000000000000000000000000000000000000000000000000000000000000000000000000000000000000000000000000000000000000000000000000000000000000000000000000000000000000000000000000000000000000000000000000000000000000000000000000000000000000000000000000000000000000000000000000000000000000000000000000000000000000000000000000000000000000000000000000000000000000000000000000000000000000000000000000000000000000000000000000000000000000000000000000000000000000000000000000000000000000000000000000000000000000000000000000000000000000000000000000000000000000000000000000000000000000000000000000000000000000000000000000000000000000000000000000000000000000000000000000000000000000000000000000000000000000000000000000000000000000000000000000000000000000000000000000000000000000000000000000000000000000000000000000000000000000000000000000000000000000000000000000000000000000000000000000000000000000000000000000000000000000000000000000000000000000000000000000000000000000000000000000000000000000000000000000000000000000000000000000000000000000000000000000000000000000000000000000000000000000000000000000000000000000000000000000000000000000000000000000000000000000000000000000000000000000000000000000000000000000000000000000000000000000000000000000000000000000000000000000000000000000000000000000000000000000000000000000000000000000000000000000000000000000000000000000000000000000000000000000000000000000000000000000000000000000000000000000000000000000000000000000000000000000000000000000000000000000000000000000000000000000000000000000000000000000000000000000000000000000000000000000000000000000000000000000000000000000000000000000000000000000000000000000000000000000000000000000000000000000000000000000000000000000000000000000000000000000000000000000000000000000000000000000000000000000000000000000000000000000000000000000000000000000000000000000000000000000000000000000000000000000000000000000000000000000000000000000000000000000000000000000000000000000000000000000000000000000000000000000000000000000000000000000000000000000000000000000000000000000000000000000000000000000000000000000000000000000000000000000000000000000000000000000000000000000000000000000000000000000000000000000000000000000000000000000000000000000000000000000000000000000000000000000000000000000000000000000000000000000000000000000
2022-11-10T15:37:04.727717;0000.000;0000.02;00;00;   NP;   C;-9.999;20000;00060;13785;00000;013;450994;2.11.6;2.11.1;0.50;24.3;0;12:00:10 ;17:37:00;10.11.2022;DEMO;1;0000.02;000;025;014;014;00.000;0000.0;0000.02;-9.99;0000.00;0000.00;00000000;-9.999;-9.999;-9.999;-9.999;-9.999;-9.999;-9.999;-9.999;-9.999;-9.999;-9.999;-9.999;-9.999;-9.999;-9.999;-9.999;-9.999;-9.999;-9.999;-9.999;-9.999;-9.999;-9.999;-9.999;-9.999;-9.999;-9.999;-9.999;-9.999;-9.999;-9.999;-9.999;00.000;00.000;00.000;00.000;00.000;00.000;00.000;00.000;00.000;00.000;00.000;00.000;00.000;00.000;00.000;00.000;00.000;00.000;00.000;00.000;00.000;00.000;00.000;00.000;00.000;00.000;00.000;00.000;00.000;00.000;00.000;00.000;000000000000000000000000000000000000000000000000000000000000000000000000000000000000000000000000000000000000000000000000000000000000000000000000000000000000000000000000000000000000000000000000000000000000000000000000000000000000000000000000000000000000000000000000000000000000000000000000000000000000000000000000000000000000000000000000000000000000000000000000000000000000000000000000000000000000000000000000000000000000000000000000000000000000000000000000000000000000000000000000000000000000000000000000000000000000000000000000000000000000000000000000000000000000000000000000000000000000000000000000000000000000000000000000000000000000000000000000000000000000000000000000000000000000000000000000000000000000000000000000000000000000000000000000000000000000000000000000000000000000000000000000000000000000000000000000000000000000000000000000000000000000000000000000000000000000000000000000000000000000000000000000000000000000000000000000000000000000000000000000000000000000000000000000000000000000000000000000000000000000000000000000000000000000000000000000000000000000000000000000000000000000000000000000000000000000000000000000000000000000000000000000000000000000000000000000000000000000000000000000000000000000000000000000000000000000000000000000000000000000000000000000000000000000000000000000000000000000000000000000000000000000000000000000000000000000000000000000000000000000000000000000000000000000000000000000000000000000000000000000000000000000000000000000000000000000000000000000000000000000000000000000000000000000000000000000000000000000000000000000000000000000000000000000000000000000000000000000000000000000000000000000000000000000000000000000000000000000000000000000000000000000000000000000000000000000000000000000000000000000000000000000000000000000000000000000000000000000000000000000000000000000000000000000000000000000000000000000000000000000000000000000000000000000000000000000000000000000000000000000000000000000000000000000000000000000000000000000000000000000000000000000000000000000000000000000000000000000000000000000000000000000000000000000000000000000000000000000000000000000000000000000000000000000000000000000000000000000000000000000000000000000000000000000000000000000000000000000000000000000000000000000000000000000000000000000000000000000000000000000000000000000000000000000000000000000000000000000000000000000000000000000000000000000000000000000000000000000000000000000000000000000000000000000000000000000000000000000000000000000000000000000000000000000000000000000000000000000000000000000000000000000000000000000000000000000000000000000000000000000000000000000000000000000000000000000000000000000000000000000000000000000000000000000000000000000000000000000000000000000000000000000000000000000000000000000000000000000000000000000000000000000000000000000000000000000000000000000000000000000000000000000000000000000000000000000000000000000000000000000000000000000000000000000000000000000000000000000000000000000000000000000000000000000000000000000000000000000000000000000000000000000000000000000000000000000000000000000000000000000000000000000
2022-11-10T15:38:04.729047;0000.000;0000.02;00;00;   NP;   C;-9.999;20000;00060;13814;00000;013;450994;2.11.6;2.11.1;0.50;24.3;0;12:00:10 ;17:38:00;10.11.2022;DEMO;1;0000.02;000;025;014;014;00.000;0000.0;0000.02;-9.99;0000.00;0000.00;00000000;-9.999;-9.999;-9.999;-9.999;-9.999;-9.999;-9.999;-9.999;-9.999;-9.999;-9.999;-9.999;-9.999;-9.999;-9.999;-9.999;-9.999;-9.999;-9.999;-9.999;-9.999;-9.999;-9.999;-9.999;-9.999;-9.999;-9.999;-9.999;-9.999;-9.999;-9.999;-9.999;00.000;00.000;00.000;00.000;00.000;00.000;00.000;00.000;00.000;00.000;00.000;00.000;00.000;00.000;00.000;00.000;00.000;00.000;00.000;00.000;00.000;00.000;00.000;00.000;00.000;00.000;00.000;00.000;00.000;00.000;00.000;00.000;000000000000000000000000000000000000000000000000000000000000000000000000000000000000000000000000000000000000000000000000000000000000000000000000000000000000000000000000000000000000000000000000000000000000000000000000000000000000000000000000000000000000000000000000000000000000000000000000000000000000000000000000000000000000000000000000000000000000000000000000000000000000000000000000000000000000000000000000000000000000000000000000000000000000000000000000000000000000000000000000000000000000000000000000000000000000000000000000000000000000000000000000000000000000000000000000000000000000000000000000000000000000000000000000000000000000000000000000000000000000000000000000000000000000000000000000000000000000000000000000000000000000000000000000000000000000000000000000000000000000000000000000000000000000000000000000000000000000000000000000000000000000000000000000000000000000000000000000000000000000000000000000000000000000000000000000000000000000000000000000000000000000000000000000000000000000000000000000000000000000000000000000000000000000000000000000000000000000000000000000000000000000000000000000000000000000000000000000000000000000000000000000000000000000000000000000000000000000000000000000000000000000000000000000000000000000000000000000000000000000000000000000000000000000000000000000000000000000000000000000000000000000000000000000000000000000000000000000000000000000000000000000000000000000000000000000000000000000000000000000000000000000000000000000000000000000000000000000000000000000000000000000000000000000000000000000000000000000000000000000000000000000000000000000000000000000000000000000000000000000000000000000000000000000000000000000000000000000000000000000000000000000000000000000000000000000000000000000000000000000000000000000000000000000000000000000000000000000000000000000000000000000000000000000000000000000000000000000000000000000000000000000000000000000000000000000000000000000000000000000000000000000000000000000000000000000000000000000000000000000000000000000000000000000000000000000000000000000000000000000000000000000000000000000000000000000000000000000000000000000000000000000000000000000000000000000000000000000000000000000000000000000000000000000000000000000000000000000000000000000000000000000000000000000000000000000000000000000000000000000000000000000000000000000000000000000000000000000000000000000000000000000000000000000000000000000000000000000000000000000000000000000000000000000000000000000000000000000000000000000000000000000000000000000000000000000000000000000000000000000000000000000000000000000000000000000000000000000000000000000000000000000000000000000000000000000000000000000000000000000000000000000000000000000000000000000000000000000000000000000000000000000000000000000000000000000000000000000000000000000000000000000000000000000000000000000000000000000000000000000000000000000000000000000000000000000000000000000000000000000000000000000000000000000000000000000000000000000000000000000000000000000000000000000000000000000000000000000000000000000000000000000000000000000000000000000000000000000000000000000000000000000
2022-11-10T15:39:04.746005;0000.000;0000.02;00;00;   NP;   C;-9.999;20000;00060;13825;00000;013;450994;2.11.6;2.11.1;0.50;24.3;0;12:00:10 ;17:39:00;10.11.2022;DEMO;1;0000.02;000;025;014;014;00.000;0000.0;0000.02;-9.99;0000.00;0000.00;00000000;-9.999;-9.999;-9.999;-9.999;-9.999;-9.999;-9.999;-9.999;-9.999;-9.999;-9.999;-9.999;-9.999;-9.999;-9.999;-9.999;-9.999;-9.999;-9.999;-9.999;-9.999;-9.999;-9.999;-9.999;-9.999;-9.999;-9.999;-9.999;-9.999;-9.999;-9.999;-9.999;00.000;00.000;00.000;00.000;00.000;00.000;00.000;00.000;00.000;00.000;00.000;00.000;00.000;00.000;00.000;00.000;00.000;00.000;00.000;00.000;00.000;00.000;00.000;00.000;00.000;00.000;00.000;00.000;00.000;00.000;00.000;00.000;000000000000000000000000000000000000000000000000000000000000000000000000000000000000000000000000000000000000000000000000000000000000000000000000000000000000000000000000000000000000000000000000000000000000000000000000000000000000000000000000000000000000000000000000000000000000000000000000000000000000000000000000000000000000000000000000000000000000000000000000000000000000000000000000000000000000000000000000000000000000000000000000000000000000000000000000000000000000000000000000000000000000000000000000000000000000000000000000000000000000000000000000000000000000000000000000000000000000000000000000000000000000000000000000000000000000000000000000000000000000000000000000000000000000000000000000000000000000000000000000000000000000000000000000000000000000000000000000000000000000000000000000000000000000000000000000000000000000000000000000000000000000000000000000000000000000000000000000000000000000000000000000000000000000000000000000000000000000000000000000000000000000000000000000000000000000000000000000000000000000000000000000000000000000000000000000000000000000000000000000000000000000000000000000000000000000000000000000000000000000000000000000000000000000000000000000000000000000000000000000000000000000000000000000000000000000000000000000000000000000000000000000000000000000000000000000000000000000000000000000000000000000000000000000000000000000000000000000000000000000000000000000000000000000000000000000000000000000000000000000000000000000000000000000000000000000000000000000000000000000000000000000000000000000000000000000000000000000000000000000000000000000000000000000000000000000000000000000000000000000000000000000000000000000000000000000000000000000000000000000000000000000000000000000000000000000000000000000000000000000000000000000000000000000000000000000000000000000000000000000000000000000000000000000000000000000000000000000000000000000000000000000000000000000000000000000000000000000000000000000000000000000000000000000000000000000000000000000000000000000000000000000000000000000000000000000000000000000000000000000000000000000000000000000000000000000000000000000000000000000000000000000000000000000000000000000000000000000000000000000000000000000000000000000000000000000000000000000000000000000000000000000000000000000000000000000000000000000000000000000000000000000000000000000000000000000000000000000000000000000000000000000000000000000000000000000000000000000000000000000000000000000000000000000000000000000000000000000000000000000000000000000000000000000000000000000000000000000000000000000000000000000000000000000000000000000000000000000000000000000000000000000000000000000000000000000000000000000000000000000000000000000000000000000000000000000000000000000000000000000000000000000000000000000000000000000000000000000000000000000000000000000000000000000000000000000000000000000000000000000000000000000000000000000000000000000000000000000000000000000000000000000000000000000000000000000000000000000000000000000000000000000000000000000000000000000000000000000000000000000000000000000000000000000000000000000000000000000000000000000000000000000
2022-11-10T15:40:04.729355;0000.000;0000.02;00;00;   NP;   C;-9.999;20000;00060;13822;00000;013;450994;2.11.6;2.11.1;0.50;24.3;0;12:00:10 ;17:40:00;10.11.2022;DEMO;1;0000.02;000;025;014;014;00.000;0000.0;0000.02;-9.99;0000.00;0000.00;00000000;-9.999;-9.999;-9.999;-9.999;-9.999;-9.999;-9.999;-9.999;-9.999;-9.999;-9.999;-9.999;-9.999;-9.999;-9.999;-9.999;-9.999;-9.999;-9.999;-9.999;-9.999;-9.999;-9.999;-9.999;-9.999;-9.999;-9.999;-9.999;-9.999;-9.999;-9.999;-9.999;00.000;00.000;00.000;00.000;00.000;00.000;00.000;00.000;00.000;00.000;00.000;00.000;00.000;00.000;00.000;00.000;00.000;00.000;00.000;00.000;00.000;00.000;00.000;00.000;00.000;00.000;00.000;00.000;00.000;00.000;00.000;00.000;000000000000000000000000000000000000000000000000000000000000000000000000000000000000000000000000000000000000000000000000000000000000000000000000000000000000000000000000000000000000000000000000000000000000000000000000000000000000000000000000000000000000000000000000000000000000000000000000000000000000000000000000000000000000000000000000000000000000000000000000000000000000000000000000000000000000000000000000000000000000000000000000000000000000000000000000000000000000000000000000000000000000000000000000000000000000000000000000000000000000000000000000000000000000000000000000000000000000000000000000000000000000000000000000000000000000000000000000000000000000000000000000000000000000000000000000000000000000000000000000000000000000000000000000000000000000000000000000000000000000000000000000000000000000000000000000000000000000000000000000000000000000000000000000000000000000000000000000000000000000000000000000000000000000000000000000000000000000000000000000000000000000000000000000000000000000000000000000000000000000000000000000000000000000000000000000000000000000000000000000000000000000000000000000000000000000000000000000000000000000000000000000000000000000000000000000000000000000000000000000000000000000000000000000000000000000000000000000000000000000000000000000000000000000000000000000000000000000000000000000000000000000000000000000000000000000000000000000000000000000000000000000000000000000000000000000000000000000000000000000000000000000000000000000000000000000000000000000000000000000000000000000000000000000000000000000000000000000000000000000000000000000000000000000000000000000000000000000000000000000000000000000000000000000000000000000000000000000000000000000000000000000000000000000000000000000000000000000000000000000000000000000000000000000000000000000000000000000000000000000000000000000000000000000000000000000000000000000000000000000000000000000000000000000000000000000000000000000000000000000000000000000000000000000000000000000000000000000000000000000000000000000000000000000000000000000000000000000000000000000000000000000000000000000000000000000000000000000000000000000000000000000000000000000000000000000000000000000000000000000000000000000000000000000000000000000000000000000000000000000000000000000000000000000000000000000000000000000000000000000000000000000000000000000000000000000000000000000000000000000000000000000000000000000000000000000000000000000000000000000000000000000000000000000000000000000000000000000000000000000000000000000000000000000000000000000000000000000000000000000000000000000000000000000000000000000000000000000000000000000000000000000000000000000000000000000000000000000000000000000000000000000000000000000000000000000000000000000000000000000000000000000000000000000000000000000000000000000000000000000000000000000000000000000000000000000000000000000000000000000000000000000000000000000000000000000000000000000000000000000000000000000000000000000000000000000000000000000000000000000000000000000000000000000000000000000000000000000000000000000000000000000000000000000000000000000000000000000000000000000000000000000
2022-11-10T15:41:04.736893;0000.000;0000.02;00;00;   NP;   C;-9.999;20000;00060;13823;00000;013;450994;2.11.6;2.11.1;0.50;24.3;0;12:00:10 ;17:41:00;10.11.2022;DEMO;1;0000.02;000;025;014;014;00.000;0000.0;0000.02;-9.99;0000.00;0000.00;00000000;-9.999;-9.999;-9.999;-9.999;-9.999;-9.999;-9.999;-9.999;-9.999;-9.999;-9.999;-9.999;-9.999;-9.999;-9.999;-9.999;-9.999;-9.999;-9.999;-9.999;-9.999;-9.999;-9.999;-9.999;-9.999;-9.999;-9.999;-9.999;-9.999;-9.999;-9.999;-9.999;00.000;00.000;00.000;00.000;00.000;00.000;00.000;00.000;00.000;00.000;00.000;00.000;00.000;00.000;00.000;00.000;00.000;00.000;00.000;00.000;00.000;00.000;00.000;00.000;00.000;00.000;00.000;00.000;00.000;00.000;00.000;00.000;000000000000000000000000000000000000000000000000000000000000000000000000000000000000000000000000000000000000000000000000000000000000000000000000000000000000000000000000000000000000000000000000000000000000000000000000000000000000000000000000000000000000000000000000000000000000000000000000000000000000000000000000000000000000000000000000000000000000000000000000000000000000000000000000000000000000000000000000000000000000000000000000000000000000000000000000000000000000000000000000000000000000000000000000000000000000000000000000000000000000000000000000000000000000000000000000000000000000000000000000000000000000000000000000000000000000000000000000000000000000000000000000000000000000000000000000000000000000000000000000000000000000000000000000000000000000000000000000000000000000000000000000000000000000000000000000000000000000000000000000000000000000000000000000000000000000000000000000000000000000000000000000000000000000000000000000000000000000000000000000000000000000000000000000000000000000000000000000000000000000000000000000000000000000000000000000000000000000000000000000000000000000000000000000000000000000000000000000000000000000000000000000000000000000000000000000000000000000000000000000000000000000000000000000000000000000000000000000000000000000000000000000000000000000000000000000000000000000000000000000000000000000000000000000000000000000000000000000000000000000000000000000000000000000000000000000000000000000000000000000000000000000000000000000000000000000000000000000000000000000000000000000000000000000000000000000000000000000000000000000000000000000000000000000000000000000000000000000000000000000000000000000000000000000000000000000000000000000000000000000000000000000000000000000000000000000000000000000000000000000000000000000000000000000000000000000000000000000000000000000000000000000000000000000000000000000000000000000000000000000000000000000000000000000000000000000000000000000000000000000000000000000000000000000000000000000000000000000000000000000000000000000000000000000000000000000000000000000000000000000000000000000000000000000000000000000000000000000000000000000000000000000000000000000000000000000000000000000000000000000000000000000000000000000000000000000000000000000000000000000000000000000000000000000000000000000000000000000000000000000000000000000000000000000000000000000000000000000000000000000000000000000000000000000000000000000000000000000000000000000000000000000000000000000000000000000000000000000000000000000000000000000000000000000000000000000000000000000000000000000000000000000000000000000000000000000000000000000000000000000000000000000000000000000000000000000000000000000000000000000000000000000000000000000000000000000000000000000000000000000000000000000000000000000000000000000000000000000000000000000000000000000000000000000000000000000000000000000000000000000000000000000000000000000000000000000000000000000000000000000000000000000000000000000000000000000000000000000000000000000000000000000000000000000000000000000000000000000000000000000000000000000000000000000000000000000000000000000000000000000000000000000
2022-11-10T15:42:04.732773;0000.000;0000.02;00;00;   NP;   C;-9.999;20000;00060;13817;00000;013;450994;2.11.6;2.11.1;0.50;24.3;0;12:00:10 ;17:42:00;10.11.2022;DEMO;1;0000.02;000;025;014;014;00.000;0000.0;0000.02;-9.99;0000.00;0000.00;00000000;-9.999;-9.999;-9.999;-9.999;-9.999;-9.999;-9.999;-9.999;-9.999;-9.999;-9.999;-9.999;-9.999;-9.999;-9.999;-9.999;-9.999;-9.999;-9.999;-9.999;-9.999;-9.999;-9.999;-9.999;-9.999;-9.999;-9.999;-9.999;-9.999;-9.999;-9.999;-9.999;00.000;00.000;00.000;00.000;00.000;00.000;00.000;00.000;00.000;00.000;00.000;00.000;00.000;00.000;00.000;00.000;00.000;00.000;00.000;00.000;00.000;00.000;00.000;00.000;00.000;00.000;00.000;00.000;00.000;00.000;00.000;00.000;000000000000000000000000000000000000000000000000000000000000000000000000000000000000000000000000000000000000000000000000000000000000000000000000000000000000000000000000000000000000000000000000000000000000000000000000000000000000000000000000000000000000000000000000000000000000000000000000000000000000000000000000000000000000000000000000000000000000000000000000000000000000000000000000000000000000000000000000000000000000000000000000000000000000000000000000000000000000000000000000000000000000000000000000000000000000000000000000000000000000000000000000000000000000000000000000000000000000000000000000000000000000000000000000000000000000000000000000000000000000000000000000000000000000000000000000000000000000000000000000000000000000000000000000000000000000000000000000000000000000000000000000000000000000000000000000000000000000000000000000000000000000000000000000000000000000000000000000000000000000000000000000000000000000000000000000000000000000000000000000000000000000000000000000000000000000000000000000000000000000000000000000000000000000000000000000000000000000000000000000000000000000000000000000000000000000000000000000000000000000000000000000000000000000000000000000000000000000000000000000000000000000000000000000000000000000000000000000000000000000000000000000000000000000000000000000000000000000000000000000000000000000000000000000000000000000000000000000000000000000000000000000000000000000000000000000000000000000000000000000000000000000000000000000000000000000000000000000000000000000000000000000000000000000000000000000000000000000000000000000000000000000000000000000000000000000000000000000000000000000000000000000000000000000000000000000000000000000000000000000000000000000000000000000000000000000000000000000000000000000000000000000000000000000000000000000000000000000000000000000000000000000000000000000000000000000000000000000000000000000000000000000000000000000000000000000000000000000000000000000000000000000000000000000000000000000000000000000000000000000000000000000000000000000000000000000000000000000000000000000000000000000000000000000000000000000000000000000000000000000000000000000000000000000000000000000000000000000000000000000000000000000000000000000000000000000000000000000000000000000000000000000000000000000000000000000000000000000000000000000000000000000000000000000000000000000000000000000000000000000000000000000000000000000000000000000000000000000000000000000000000000000000000000000000000000000000000000000000000000000000000000000000000000000000000000000000000000000000000000000000000000000000000000000000000000000000000000000000000000000000000000000000000000000000000000000000000000000000000000000000000000000000000000000000000000000000000000000000000000000000000000000000000000000000000000000000000000000000000000000000000000000000000000000000000000000000000000000000000000000000000000000000000000000000000000000000000000000000000000000000000000000000000000000000000000000000000000000000000000000000000000000000000000000000000000000000000000000000000000000000000000000000000000000000000000000000000000000000000000000000000000000
2022-11-10T15:43:04.426277;0000.000;0000.02;00;00;   NP;   C;-9.999;20000;00060;13829;00000;013;450994;2.11.6;2.11.1;0.50;24.3;0;12:00:10 ;17:43:00;10.11.2022;DEMO;1;0000.02;000;025;014;014;00.000;0000.0;0000.02;-9.99;0000.00;0000.00;00000000;-9.999;-9.999;-9.999;-9.999;-9.999;-9.999;-9.999;-9.999;-9.999;-9.999;-9.999;-9.999;-9.999;-9.999;-9.999;-9.999;-9.999;-9.999;-9.999;-9.999;-9.999;-9.999;-9.999;-9.999;-9.999;-9.999;-9.999;-9.999;-9.999;-9.999;-9.999;-9.999;00.000;00.000;00.000;00.000;00.000;00.000;00.000;00.000;00.000;00.000;00.000;00.000;00.000;00.000;00.000;00.000;00.000;00.000;00.000;00.000;00.000;00.000;00.000;00.000;00.000;00.000;00.000;00.000;00.000;00.000;00.000;00.000;000000000000000000000000000000000000000000000000000000000000000000000000000000000000000000000000000000000000000000000000000000000000000000000000000000000000000000000000000000000000000000000000000000000000000000000000000000000000000000000000000000000000000000000000000000000000000000000000000000000000000000000000000000000000000000000000000000000000000000000000000000000000000000000000000000000000000000000000000000000000000000000000000000000000000000000000000000000000000000000000000000000000000000000000000000000000000000000000000000000000000000000000000000000000000000000000000000000000000000000000000000000000000000000000000000000000000000000000000000000000000000000000000000000000000000000000000000000000000000000000000000000000000000000000000000000000000000000000000000000000000000000000000000000000000000000000000000000000000000000000000000000000000000000000000000000000000000000000000000000000000000000000000000000000000000000000000000000000000000000000000000000000000000000000000000000000000000000000000000000000000000000000000000000000000000000000000000000000000000000000000000000000000000000000000000000000000000000000000000000000000000000000000000000000000000000000000000000000000000000000000000000000000000000000000000000000000000000000000000000000000000000000000000000000000000000000000000000000000000000000000000000000000000000000000000000000000000000000000000000000000000000000000000000000000000000000000000000000000000000000000000000000000000000000000000000000000000000000000000000000000000000000000000000000000000000000000000000000000000000000000000000000000000000000000000000000000000000000000000000000000000000000000000000000000000000000000000000000000000000000000000000000000000000000000000000000000000000000000000000000000000000000000000000000000000000000000000000000000000000000000000000000000000000000000000000000000000000000000000000000000000000000000000000000000000000000000000000000000000000000000000000000000000000000000000000000000000000000000000000000000000000000000000000000000000000000000000000000000000000000000000000000000000000000000000000000000000000000000000000000000000000000000000000000000000000000000000000000000000000000000000000000000000000000000000000000000000000000000000000000000000000000000000000000000000000000000000000000000000000000000000000000000000000000000000000000000000000000000000000000000000000000000000000000000000000000000000000000000000000000000000000000000000000000000000000000000000000000000000000000000000000000000000000000000000000000000000000000000000000000000000000000000000000000000000000000000000000000000000000000000000000000000000000000000000000000000000000000000000000000000000000000000000000000000000000000000000000000000000000000000000000000000000000000000000000000000000000000000000000000000000000000000000000000000000000000000000000000000000000000000000000000000000000000000000000000000000000000000000000000000000000000000000000000000000000000000000000000000000000000000000000000000000000000000000000000000000000000000000000000000000000000000000000000000000000000000000000000000000000000000000000000
2022-11-10T15:48:04.750758;0000.000;0000.02;00;00;   NP;   C;-9.999;20000;00060;13812;00000;013;450994;2.11.6;2.11.1;0.50;24.3;0;12:00:10 ;17:48:00;10.11.2022;DEMO;1;0000.02;000;025;014;014;00.000;0000.0;0000.02;-9.99;0000.00;0000.00;00000001;-9.999;-9.999;-9.999;-9.999;-9.999;-9.999;-9.999;-9.999;-9.999;-9.999;-9.999;-9.999;-9.999;-9.999;-9.999;-9.999;-9.999;-9.999;-9.999;-9.999;-9.999;-9.999;-9.999;-9.999;-9.999;-9.999;-9.999;-9.999;-9.999;-9.999;-9.999;-9.999;00.000;00.000;00.000;00.000;00.000;00.000;00.000;00.000;00.000;00.000;00.000;00.000;00.000;00.000;00.000;00.000;00.000;00.000;00.000;00.000;00.000;00.000;00.000;00.000;00.000;00.000;00.000;00.000;00.000;00.000;00.000;00.000;000000000000000000000000000000000000000000000000000000000000000000000000000000000000000000000000000000000000000000000000000000000000000000000000000000000000000000000000000000000000000000000000000000000000000000000000000000000000000000000000000000000000000000000000000000000000000000000000000000000000000000000000000000000000000000000000000000000000000000000000000000000000000000000000000000000000000000000000000000000000000000000000000000000000000000000000000000000000000000000000000000000000000000000000000000000000000000000000000000000000000000000000000000000000000000000000000000000000000000000000000000000000000000000000000000000000000000000000000000000000000000000000000000000000000000000000000000000000000000000000000000000000000000000000000000000000000000000000000000000000000000000000000000000000000000000000000000000000000000000000000000000000000000000000000000000000000000000000000000000000000000000000000000000000000000000000000000000000000000000000000000000000000000000000000000000000000000000000000000000000000000000000000000000000000000000000000000000000000000000000000000000000000000000000000000000000000000000000000000000000000000000000000000000000000000000000000000000000000000000000000000000000000000000000000000000000000000000000000000000000000000000000000000000000000000000000000000000000000000000000000000000000000000000000000000000000000000000000000000000000000000000000000000000000000000000000000000000000000000000000000000000000000000000000000000000000000000000000000000000000000000000000000000000000000000000000000000000000000000000000000000000000000000000000000000000000000000000000000000000000000000000000000000000000000000000000000000000000000000000000000000000000000000000000000000000000000000000000000000000000000000000000000000000000000000000000000000000000000000000000000000000000000000000000000000000000000000000000000000000000000000000000000000000000000000000000000000000000000000000000000000000000000000000000000000000000000000000000000000000000000000000000000000000000000000000000000000000000000000000000000000000000000000000000000000000000000000000000000000000000000000000000000000000000000000000000000000000000000000000000000000000000000000000000000000000000000000000000000000000000000000000000000000000000000000000000000000000000000000000000000000000000000000000000000000000000000000000000000000000000000000000000000000000000000000000000000000000000000000000000000000000000000000000000000000000000000000000000000000000000000000000000000000000000000000000000000000000000000000000000000000000000000000000000000000000000000000000000000000000000000000000000000000000000000000000000000000000000000000000000000000000000000000000000000000000000000000000000000000000000000000000000000000000000000000000000000000000000000000000000000000000000000000000000000000000000000000000000000000000000000000000000000000000000000000000000000000000000000000000000000000000000000000000000000000000000000000000000000000000000000000000000000000000000000000000000000000000000000000000000000000000000000000000000000000000000000000000000000000000000000000000000
2022-11-10T15:49:04.734875;0000.000;0000.02;00;00;   NP;   C;-9.999;20000;00060;13818;00000;013;450994;2.11.6;2.11.1;0.50;24.3;0;12:00:10 ;17:49:00;10.11.2022;DEMO;1;0000.02;000;025;014;014;00.000;0000.0;0000.02;-9.99;0000.00;0000.00;00000000;-9.999;-9.999;-9.999;-9.999;-9.999;-9.999;-9.999;-9.999;-9.999;-9.999;-9.999;-9.999;-9.999;-9.999;-9.999;-9.999;-9.999;-9.999;-9.999;-9.999;-9.999;-9.999;-9.999;-9.999;-9.999;-9.999;-9.999;-9.999;-9.999;-9.999;-9.999;-9.999;00.000;00.000;00.000;00.000;00.000;00.000;00.000;00.000;00.000;00.000;00.000;00.000;00.000;00.000;00.000;00.000;00.000;00.000;00.000;00.000;00.000;00.000;00.000;00.000;00.000;00.000;00.000;00.000;00.000;00.000;00.000;00.000;000000000000000000000000000000000000000000000000000000000000000000000000000000000000000000000000000000000000000000000000000000000000000000000000000000000000000000000000000000000000000000000000000000000000000000000000000000000000000000000000000000000000000000000000000000000000000000000000000000000000000000000000000000000000000000000000000000000000000000000000000000000000000000000000000000000000000000000000000000000000000000000000000000000000000000000000000000000000000000000000000000000000000000000000000000000000000000000000000000000000000000000000000000000000000000000000000000000000000000000000000000000000000000000000000000000000000000000000000000000000000000000000000000000000000000000000000000000000000000000000000000000000000000000000000000000000000000000000000000000000000000000000000000000000000000000000000000000000000000000000000000000000000000000000000000000000000000000000000000000000000000000000000000000000000000000000000000000000000000000000000000000000000000000000000000000000000000000000000000000000000000000000000000000000000000000000000000000000000000000000000000000000000000000000000000000000000000000000000000000000000000000000000000000000000000000000000000000000000000000000000000000000000000000000000000000000000000000000000000000000000000000000000000000000000000000000000000000000000000000000000000000000000000000000000000000000000000000000000000000000000000000000000000000000000000000000000000000000000000000000000000000000000000000000000000000000000000000000000000000000000000000000000000000000000000000000000000000000000000000000000000000000000000000000000000000000000000000000000000000000000000000000000000000000000000000000000000000000000000000000000000000000000000000000000000000000000000000000000000000000000000000000000000000000000000000000000000000000000000000000000000000000000000000000000000000000000000000000000000000000000000000000000000000000000000000000000000000000000000000000000000000000000000000000000000000000000000000000000000000000000000000000000000000000000000000000000000000000000000000000000000000000000000000000000000000000000000000000000000000000000000000000000000000000000000000000000000000000000000000000000000000000000000000000000000000000000000000000000000000000000000000000000000000000000000000000000000000000000000000000000000000000000000000000000000000000000000000000000000000000000000000000000000000000000000000000000000000000000000000000000000000000000000000000000000000000000000000000000000000000000000000000000000000000000000000000000000000000000000000000000000000000000000000000000000000000000000000000000000000000000000000000000000000000000000000000000000000000000000000000000000000000000000000000000000000000000000000000000000000000000000000000000000000000000000000000000000000000000000000000000000000000000000000000000000000000000000000000000000000000000000000000000000000000000000000000000000000000000000000000000000000000000000000000000000000000000000000000000000000000000000000000000000000000000000000000000000000000000000000000000000000000000000000000000000000000000000000000000000000000000000000000
2022-11-10T15:50:04.752344;0000.000;0000.02;00;00;   NP;   C;-9.999;20000;00060;13811;00000;013;450994;2.11.6;2.11.1;0.50;24.3;0;12:00:10 ;17:50:00;10.11.2022;DEMO;1;0000.02;000;025;014;014;00.000;0000.0;0000.02;-9.99;0000.00;0000.00;00000000;-9.999;-9.999;-9.999;-9.999;-9.999;-9.999;-9.999;-9.999;-9.999;-9.999;-9.999;-9.999;-9.999;-9.999;-9.999;-9.999;-9.999;-9.999;-9.999;-9.999;-9.999;-9.999;-9.999;-9.999;-9.999;-9.999;-9.999;-9.999;-9.999;-9.999;-9.999;-9.999;00.000;00.000;00.000;00.000;00.000;00.000;00.000;00.000;00.000;00.000;00.000;00.000;00.000;00.000;00.000;00.000;00.000;00.000;00.000;00.000;00.000;00.000;00.000;00.000;00.000;00.000;00.000;00.000;00.000;00.000;00.000;00.000;000000000000000000000000000000000000000000000000000000000000000000000000000000000000000000000000000000000000000000000000000000000000000000000000000000000000000000000000000000000000000000000000000000000000000000000000000000000000000000000000000000000000000000000000000000000000000000000000000000000000000000000000000000000000000000000000000000000000000000000000000000000000000000000000000000000000000000000000000000000000000000000000000000000000000000000000000000000000000000000000000000000000000000000000000000000000000000000000000000000000000000000000000000000000000000000000000000000000000000000000000000000000000000000000000000000000000000000000000000000000000000000000000000000000000000000000000000000000000000000000000000000000000000000000000000000000000000000000000000000000000000000000000000000000000000000000000000000000000000000000000000000000000000000000000000000000000000000000000000000000000000000000000000000000000000000000000000000000000000000000000000000000000000000000000000000000000000000000000000000000000000000000000000000000000000000000000000000000000000000000000000000000000000000000000000000000000000000000000000000000000000000000000000000000000000000000000000000000000000000000000000000000000000000000000000000000000000000000000000000000000000000000000000000000000000000000000000000000000000000000000000000000000000000000000000000000000000000000000000000000000000000000000000000000000000000000000000000000000000000000000000000000000000000000000000000000000000000000000000000000000000000000000000000000000000000000000000000000000000000000000000000000000000000000000000000000000000000000000000000000000000000000000000000000000000000000000000000000000000000000000000000000000000000000000000000000000000000000000000000000000000000000000000000000000000000000000000000000000000000000000000000000000000000000000000000000000000000000000000000000000000000000000000000000000000000000000000000000000000000000000000000000000000000000000000000000000000000000000000000000000000000000000000000000000000000000000000000000000000000000000000000000000000000000000000000000000000000000000000000000000000000000000000000000000000000000000000000000000000000000000000000000000000000000000000000000000000000000000000000000000000000000000000000000000000000000000000000000000000000000000000000000000000000000000000000000000000000000000000000000000000000000000000000000000000000000000000000000000000000000000000000000000000000000000000000000000000000000000000000000000000000000000000000000000000000000000000000000000000000000000000000000000000000000000000000000000000000000000000000000000000000000000000000000000000000000000000000000000000000000000000000000000000000000000000000000000000000000000000000000000000000000000000000000000000000000000000000000000000000000000000000000000000000000000000000000000000000000000000000000000000000000000000000000000000000000000000000000000000000000000000000000000000000000000000000000000000000000000000000000000000000000000000000000000000000000000000000000000000000000000000000000000000000000000000000000000000000000000000000000000000000000
