timestamp;Particle size (mm);Particle speed (mm/h)
2023-02-23T16:55:00.228456;00.589;01.701
2023-02-23T16:55:00.228456;00.676;02.688
2023-02-23T16:55:00.228456;00.586;01.832
2023-02-23T16:55:00.228456;00.626;01.600
2023-02-23T16:55:00.228456;00.819;02.324
2023-02-23T16:55:00.228456;00.567;01.731
2023-02-23T16:55:00.228456;00.528;01.612
2023-02-23T16:55:00.228456;01.263;03.387
2023-02-23T16:55:00.228456;00.664;01.945
2023-02-23T16:55:00.228456;00.597;02.012
2023-02-23T16:55:00.228456;00.639;01.769
2023-02-23T16:55:00.228456;00.580;01.760
2023-02-23T16:55:00.228456;00.997;03.446
2023-02-23T16:55:00.228456;00.531;01.921
2023-02-23T16:55:00.228456;00.828;02.649
2023-02-23T16:55:00.228456;01.045;03.212
2023-02-23T16:55:00.228456;00.595;03.027
2023-02-23T16:55:00.228456;00.789;02.887
2023-02-23T16:55:00.228456;00.716;02.625
2023-02-23T16:55:00.228456;01.294;04.029
2023-02-23T16:55:00.228456;00.458;00.919
2023-02-23T16:55:00.228456;00.337;03.079
2023-02-23T16:55:00.228456;00.631;02.072
2023-02-23T16:55:00.228456;00.620;01.540
2023-02-23T16:55:00.228456;00.618;01.731
2023-02-23T16:55:00.228456;00.787;02.064
2023-02-23T16:55:00.228456;00.964;03.739
2023-02-23T16:55:00.228456;00.595;01.447
2023-02-23T16:55:00.228456;00.490;01.222
2023-02-23T16:55:00.228456;01.038;03.543
2023-02-23T16:55:00.228456;00.605;01.595
2023-02-23T16:55:00.228456;00.448;01.069
2023-02-23T16:55:00.228456;00.546;01.223
2023-02-23T16:55:00.228456;00.695;01.728
2023-02-23T16:55:00.228456;00.626;01.825
2023-02-23T16:55:00.228456;00.820;02.066
2023-02-23T16:55:00.228456;00.581;01.772
2023-02-23T16:55:00.228456;00.958;03.634
2023-02-23T16:55:00.228456;00.637;01.442
2023-02-23T16:55:00.228456;01.192;04.468
2023-02-23T16:55:00.228456;00.623;01.225
2023-02-23T16:55:00.228456;00.670;01.902
2023-02-23T16:55:00.228456;00.533;01.463
2023-02-23T16:55:00.228456;00.534;01.026
2023-02-23T16:55:00.228456;00.560;01.288
2023-02-23T16:55:00.228456;00.534;01.016
2023-02-23T16:55:00.228456;00.542;01.166
2023-02-23T16:55:00.228456;00.542;00.849
2023-02-23T16:55:00.228456;00.554;00.375
2023-02-23T16:55:00.228456;00.732;02.212
2023-02-23T16:55:00.228456;00.542;01.363
2023-02-23T16:55:00.228456;00.582;01.206
2023-02-23T16:55:00.228456;00.618;01.134
2023-02-23T16:55:00.228456;00.803;01.743
2023-02-23T16:55:00.228456;00.546;01.129
2023-02-23T16:55:00.228456;00.565;01.294
2023-02-23T16:55:00.228456;00.542;01.161
2023-02-23T16:56:00.765872;00.744;02.300
2023-02-23T16:56:00.765872;00.674;01.293
2023-02-23T16:56:00.765872;01.023;02.855
2023-02-23T16:56:00.765872;00.536;00.856
2023-02-23T16:56:00.765872;00.654;01.236
2023-02-23T16:56:00.765872;00.683;01.348
2023-02-23T16:56:00.765872;00.940;02.027
2023-02-23T16:56:00.765872;00.835;02.286
2023-02-23T16:56:00.765872;00.785;02.102
2023-02-23T16:56:00.765872;00.813;01.536
2023-02-23T16:56:00.765872;00.717;02.245
2023-02-23T16:56:00.765872;00.869;01.809
2023-02-23T16:56:00.765872;00.891;02.289
2023-02-23T16:56:00.765872;00.744;01.746
2023-02-23T16:56:00.765872;00.799;02.077
2023-02-23T16:56:00.765872;00.574;01.291
2023-02-23T16:56:00.765872;00.577;01.435
2023-02-23T16:56:00.765872;00.540;01.104
2023-02-23T16:56:00.765872;00.472;01.650
2023-02-23T16:56:00.765872;00.483;00.989
2023-02-23T16:56:00.765872;00.549;01.132
2023-02-23T16:56:00.765872;00.479;00.941
2023-02-23T16:56:00.765872;00.525;01.170
2023-02-23T16:56:00.765872;00.841;02.256
2023-02-23T16:56:00.765872;00.873;02.827
2023-02-23T16:56:00.765872;00.623;02.298
2023-02-23T16:56:00.765872;00.506;01.680
2023-02-23T16:56:00.765872;00.569;02.005
2023-02-23T16:56:00.765872;01.011;03.560
2023-02-23T16:56:00.765872;01.068;03.513
2023-02-23T16:56:00.765872;00.525;02.098
2023-02-23T16:56:00.765872;00.483;01.829
2023-02-23T16:56:00.765872;00.767;02.595
2023-02-23T16:56:00.765872;00.585;02.531
2023-02-23T16:56:00.765872;00.549;02.398
2023-02-23T16:56:00.765872;00.525;01.871
2023-02-23T16:56:00.765872;01.309;03.943
2023-02-23T16:56:00.765872;00.952;02.437
2023-02-23T16:56:00.765872;00.613;02.098
2023-02-23T16:56:00.765872;00.623;01.991
2023-02-23T16:56:00.765872;00.555;01.144
2023-02-23T16:56:00.765872;00.589;01.761
2023-02-23T16:56:00.765872;00.595;00.408
2023-02-23T16:56:00.765872;00.437;04.076
2023-02-23T16:56:00.765872;00.584;01.742
2023-02-23T16:56:00.765872;00.627;02.170
2023-02-23T16:56:00.765872;00.995;03.261
2023-02-23T16:56:00.765872;00.771;02.087
2023-02-23T16:56:00.765872;00.455;01.193
2023-02-23T16:56:00.765872;00.891;02.801
2023-02-23T16:56:00.765872;01.038;02.917
2023-02-23T16:56:00.765872;01.165;03.470
2023-02-23T16:56:00.765872;00.591;01.571
2023-02-23T16:56:00.765872;01.149;03.344
2023-02-23T16:56:00.765872;00.825;02.050
2023-02-23T16:56:00.765872;01.023;02.674
2023-02-23T16:56:00.765872;00.564;01.495
2023-02-23T16:56:00.765872;00.612;01.619
2023-02-23T16:56:00.765872;00.633;01.635
2023-02-23T16:56:00.765872;00.540;01.374
2023-02-23T16:56:00.765872;00.479;01.241
2023-02-23T16:56:00.765872;00.822;02.045
2023-02-23T16:56:00.765872;00.567;00.380
2023-02-23T16:56:00.765872;00.573;03.866
2023-02-23T16:56:00.765872;00.845;03.092
2023-02-23T16:56:00.765872;00.528;01.933
2023-02-23T16:56:00.765872;00.995;03.682
2023-02-23T16:56:00.765872;00.937;04.074
2023-02-23T16:56:00.765872;00.585;01.820
2023-02-23T16:56:00.765872;00.546;01.046
2023-02-23T16:56:00.765872;00.597;01.770
2023-02-23T16:56:00.765872;00.596;02.120
2023-02-23T16:56:00.765872;00.555;02.270
2023-02-23T16:56:00.765872;00.632;01.984
2023-02-23T16:56:00.765872;00.647;02.064
2023-02-23T16:56:00.765872;00.565;01.988
2023-02-23T16:56:00.765872;00.397;02.045
2023-02-23T16:56:00.765872;01.339;04.850
2023-02-23T16:56:00.765872;00.506;01.797
2023-02-23T16:56:00.765872;00.712;03.428
2023-02-23T16:56:00.765872;00.451;01.573
2023-02-23T16:56:00.765872;00.803;03.566
2023-02-23T16:56:00.765872;00.486;01.611
2023-02-23T16:56:00.765872;00.697;01.429
2023-02-23T16:56:00.765872;00.542;01.944
2023-02-23T16:56:00.765872;00.828;03.139
2023-02-23T16:56:00.765872;00.858;02.615
2023-02-23T16:56:00.765872;00.573;02.150
2023-02-23T16:56:00.765872;01.048;03.736
2023-02-23T16:56:00.765872;00.634;02.825
2023-02-23T16:56:00.765872;00.662;02.274
2023-02-23T16:56:00.765872;00.575;00.716
2023-02-23T16:56:00.765872;01.291;04.613
2023-02-23T16:56:00.765872;00.516;01.893
2023-02-23T16:56:00.765872;01.021;03.418
2023-02-23T16:56:00.765872;00.816;02.751
2023-02-23T16:56:00.765872;01.037;02.747
2023-02-23T16:56:00.765872;00.683;01.934
2023-02-23T16:56:00.765872;00.531;02.173
2023-02-23T16:56:00.765872;00.563;02.485
2023-02-23T16:56:00.765872;00.539;02.194
2023-02-23T16:56:00.765872;00.390;01.932
2023-02-23T16:56:00.765872;00.385;01.349
2023-02-23T16:56:00.765872;00.422;00.684
2023-02-23T16:56:00.765872;00.751;02.814
2023-02-23T16:56:00.765872;00.556;02.034
2023-02-23T16:56:00.765872;00.508;02.281
2023-02-23T16:56:00.765872;00.378;00.695
2023-02-23T16:56:00.765872;00.640;01.721
2023-02-23T16:56:00.765872;00.922;02.936
2023-02-23T16:56:00.765872;00.639;01.915
2023-02-23T16:56:00.765872;00.643;02.410
2023-02-23T16:56:00.765872;00.799;03.100
2023-02-23T16:56:00.765872;00.577;01.598
2023-02-23T16:56:00.765872;00.674;01.795
2023-02-23T16:56:00.765872;00.542;00.751
2023-02-23T16:56:00.765872;00.994;03.215
2023-02-23T16:56:00.765872;00.470;01.795
2023-02-23T16:56:00.765872;01.240;03.986
2023-02-23T16:56:00.765872;00.585;01.450
2023-02-23T16:56:00.765872;01.032;03.178
2023-02-23T16:56:00.765872;01.285;03.356
2023-02-23T16:56:00.765872;01.067;03.455
2023-02-23T16:56:00.765872;00.906;02.820
2023-02-23T16:56:00.765872;00.605;01.901
2023-02-23T16:56:00.765872;00.578;02.222
2023-02-23T16:56:00.765872;00.570;02.224
2023-02-23T16:56:00.765872;01.158;03.692
2023-02-23T16:56:00.765872;01.068;01.827
2023-02-23T16:56:00.765872;00.636;02.031
2023-02-23T16:56:00.765872;00.672;01.964
2023-02-23T16:56:00.765872;00.521;01.657
2023-02-23T16:56:00.765872;01.439;03.735
2023-02-23T16:56:00.765872;01.071;03.471
2023-02-23T16:56:00.765872;01.008;03.121
2023-02-23T16:56:00.765872;00.900;02.653
2023-02-23T16:56:00.765872;00.823;01.913
2023-02-23T16:56:00.765872;01.206;02.988
2023-02-23T16:56:00.765872;00.879;02.664
2023-02-23T16:56:00.765872;00.967;02.941
2023-02-23T16:56:00.765872;00.611;01.798
2023-02-23T16:56:00.765872;00.636;00.636
2023-02-23T16:56:00.765872;00.661;01.847
2023-02-23T16:56:00.765872;00.935;03.004
2023-02-23T16:56:00.765872;00.668;01.727
2023-02-23T16:56:00.765872;01.128;03.595
2023-02-23T16:56:00.765872;00.656;01.631
2023-02-23T16:56:00.765872;01.025;02.603
2023-02-23T16:56:00.765872;00.536;01.756
2023-02-23T16:56:00.765872;00.859;02.103
2023-02-23T16:56:00.765872;00.617;01.303
2023-02-23T16:56:00.765872;00.621;01.354
2023-02-23T16:56:00.765872;00.761;01.958
2023-02-23T16:56:00.765872;00.574;01.171
2023-02-23T16:56:00.765872;00.794;02.429
2023-02-23T16:56:00.765872;00.697;01.544
2023-02-23T16:56:00.765872;00.575;01.437
2023-02-23T16:56:00.765872;00.856;02.544
2023-02-23T16:56:00.765872;00.525;01.028
2023-02-23T16:56:00.765872;00.644;01.508
2023-02-23T16:56:00.765872;00.550;01.011
2023-02-23T16:56:00.765872;01.017;02.837
2023-02-23T16:56:00.765872;01.220;03.496
2023-02-23T16:56:00.765872;00.618;01.156
2023-02-23T16:56:00.765872;00.706;01.435
2023-02-23T16:56:00.765872;00.509;01.052
2023-02-23T16:56:00.765872;00.796;02.151
2023-02-23T16:56:00.765872;00.654;01.851
2023-02-23T16:56:00.765872;00.641;01.644
2023-02-23T16:56:00.765872;00.706;01.657
2023-02-23T16:56:00.765872;00.746;01.701
2023-02-23T16:56:00.765872;00.623;01.424
2023-02-23T16:56:00.765872;01.035;02.840
2023-02-23T16:56:00.765872;00.974;02.427
2023-02-23T16:56:00.765872;00.938;02.204
2023-02-23T16:56:00.765872;00.448;03.901
2023-02-23T16:56:00.765872;00.848;01.725
2023-02-23T16:56:00.765872;00.582;01.214
2023-02-23T16:56:00.765872;00.654;02.035
2023-02-23T16:56:00.765872;00.433;00.927
2023-02-23T16:56:00.765872;00.661;01.880
2023-02-23T16:56:00.765872;00.770;02.433
2023-02-23T16:56:00.765872;00.451;02.108
2023-02-23T16:56:00.765872;00.546;01.453
2023-02-23T16:56:00.765872;01.132;02.930
2023-02-23T16:56:00.765872;00.557;01.313
2023-02-23T16:56:00.765872;01.327;03.768
2023-02-23T16:56:00.765872;01.024;03.134
2023-02-23T16:56:00.765872;00.558;01.850
2023-02-23T16:56:00.765872;00.576;02.154
2023-02-23T16:56:00.765872;00.690;01.703
2023-02-23T16:56:00.765872;00.499;01.646
2023-02-23T16:56:00.765872;00.558;01.388
2023-02-23T16:56:00.765872;00.533;01.472
2023-02-23T16:56:00.765872;00.521;01.725
2023-02-23T16:56:00.765872;00.673;01.768
2023-02-23T16:56:00.765872;01.010;02.591
2023-02-23T16:56:00.765872;00.517;01.622
2023-02-23T16:56:00.765872;00.870;02.973
2023-02-23T16:56:00.765872;00.723;02.256
2023-02-23T16:56:00.765872;01.533;04.086
2023-02-23T16:56:00.765872;00.674;01.555
2023-02-23T16:56:00.765872;00.726;02.017
2023-02-23T16:56:00.765872;01.033;02.599
2023-02-23T16:56:00.765872;00.549;00.873
2023-02-23T16:56:00.765872;00.466;01.289
2023-02-23T16:56:00.765872;00.831;02.622
2023-02-23T16:56:00.765872;00.555;01.304
2023-02-23T16:56:00.765872;00.575;01.815
2023-02-23T16:56:00.765872;00.394;00.730
2023-02-23T16:56:00.765872;00.710;02.009
2023-02-23T16:56:00.765872;00.886;03.176
2023-02-23T16:56:00.765872;00.852;02.591
2023-02-23T16:56:00.765872;01.071;03.727
2023-02-23T16:56:00.765872;00.454;01.082
2023-02-23T16:56:00.765872;00.883;02.926
2023-02-23T16:56:00.765872;01.120;02.663
2023-02-23T16:56:00.765872;00.612;01.617
2023-02-23T16:56:00.765872;00.628;01.342
2023-02-23T16:56:00.765872;01.119;03.396
2023-02-23T16:56:00.765872;00.626;01.536
2023-02-23T16:56:00.765872;01.024;03.268
2023-02-23T16:56:00.765872;01.503;04.229
2023-02-23T16:56:00.765872;00.563;01.586
2023-02-23T16:56:00.765872;00.898;02.603
2023-02-23T16:56:00.765872;01.572;04.187
2023-02-23T16:56:00.765872;00.661;01.653
2023-02-23T16:56:00.765872;00.641;01.637
2023-02-23T16:56:00.765872;00.680;01.776
2023-02-23T16:56:00.765872;01.125;03.407
2023-02-23T16:56:00.765872;00.991;03.298
2023-02-23T16:56:00.765872;00.512;01.241
2023-02-23T16:56:00.765872;01.033;03.430
2023-02-23T16:56:00.765872;01.087;03.843
2023-02-23T16:56:00.765872;01.528;04.661
2023-02-23T16:56:00.765872;00.455;01.131
2023-02-23T16:56:00.765872;00.964;03.295
2023-02-23T16:56:00.765872;01.166;03.326
2023-02-23T16:56:00.765872;00.937;02.950
2023-02-23T16:56:00.765872;00.578;01.551
2023-02-23T16:56:00.765872;00.458;00.665
2023-02-23T16:56:00.765872;01.034;03.591
2023-02-23T16:56:00.765872;01.098;03.510
2023-02-23T16:56:00.765872;01.218;03.667
2023-02-23T16:56:00.765872;00.613;01.521
2023-02-23T16:56:00.765872;01.305;04.160
2023-02-23T16:56:00.765872;01.107;03.896
2023-02-23T16:56:00.765872;01.144;04.297
2023-02-23T16:56:00.765872;00.411;02.378
2023-02-23T16:56:00.765872;00.563;01.726
2023-02-23T16:56:00.765872;00.531;02.274
2023-02-23T16:56:00.765872;00.802;03.610
2023-02-23T16:56:00.765872;01.162;03.544
2023-02-23T16:56:00.765872;00.470;01.713
2023-02-23T16:56:00.765872;01.268;04.238
2023-02-23T16:56:00.765872;01.089;03.850
2023-02-23T16:56:00.765872;00.595;02.559
2023-02-23T16:56:00.765872;00.581;02.738
2023-02-23T16:56:00.765872;00.528;02.456
2023-02-23T16:56:00.765872;01.046;04.268
2023-02-23T16:56:00.765872;00.543;01.771
2023-02-23T16:56:00.765872;00.932;03.423
2023-02-23T16:56:00.765872;01.432;04.035
2023-02-23T16:56:00.765872;00.984;03.863
2023-02-23T16:56:00.765872;00.515;01.739
2023-02-23T16:56:00.765872;00.360;00.696
2023-02-23T16:56:00.765872;00.709;02.463
2023-02-23T16:56:00.765872;00.610;02.113
2023-02-23T16:56:00.765872;00.625;02.322
2023-02-23T16:56:00.765872;00.674;01.266
2023-02-23T16:56:00.765872;01.311;04.394
2023-02-23T16:56:00.765872;00.674;02.021
2023-02-23T16:56:00.765872;00.955;03.286
2023-02-23T16:56:00.765872;01.141;04.192
2023-02-23T16:56:00.765872;00.528;01.883
2023-02-23T16:56:00.765872;00.765;02.298
2023-02-23T16:56:00.765872;00.469;01.898
2023-02-23T16:56:00.765872;00.422;00.839
2023-02-23T16:56:00.765872;00.691;02.701
2023-02-23T16:56:00.765872;00.855;02.458
2023-02-23T16:56:00.765872;00.542;01.848
2023-02-23T16:56:00.765872;00.983;03.991
2023-02-23T16:56:00.765872;01.105;03.356
2023-02-23T16:56:00.765872;00.810;02.888
2023-02-23T16:56:00.765872;01.098;04.150
2023-02-23T16:56:00.765872;00.505;01.844
2023-02-23T16:56:00.765872;00.422;01.426
2023-02-23T16:56:00.765872;00.410;01.733
2023-02-23T16:56:00.765872;00.824;02.719
2023-02-23T16:56:00.765872;00.625;02.327
2023-02-23T16:56:00.765872;01.294;04.521
2023-02-23T16:56:00.765872;01.396;04.408
2023-02-23T16:56:00.765872;00.778;03.088
2023-02-23T16:56:00.765872;00.928;03.435
2023-02-23T16:56:00.765872;01.395;04.271
2023-02-23T16:56:00.765872;01.395;04.570
2023-02-23T16:56:00.765872;01.097;03.890
2023-02-23T16:56:00.765872;00.620;01.616
2023-02-23T16:56:00.765872;00.504;01.321
2023-02-23T16:56:00.765872;00.835;02.898
2023-02-23T16:56:00.765872;00.880;02.579
2023-02-23T16:56:00.765872;00.950;03.600
2023-02-23T16:56:00.765872;00.537;02.168
2023-02-23T16:56:00.765872;00.552;02.017
2023-02-23T16:56:00.765872;00.368;01.733
2023-02-23T16:56:00.765872;01.002;03.763
2023-02-23T16:56:00.765872;00.632;02.575
2023-02-23T16:56:00.765872;00.637;02.515
2023-02-23T16:56:00.765872;00.855;03.032
2023-02-23T16:56:00.765872;00.604;02.604
2023-02-23T16:56:00.765872;00.616;01.992
2023-02-23T16:56:00.765872;00.506;02.136
2023-02-23T16:56:00.765872;00.786;03.220
2023-02-23T16:56:00.765872;00.554;02.212
2023-02-23T16:56:00.765872;01.083;03.491
2023-02-23T16:56:00.765872;00.804;03.188
2023-02-23T16:56:00.765872;00.974;03.191
2023-02-23T16:56:00.765872;00.979;04.141
2023-02-23T16:56:00.765872;01.098;04.160
2023-02-23T16:56:00.765872;00.554;02.134
2023-02-23T16:56:00.765872;01.010;03.232
2023-02-23T16:56:00.765872;00.937;03.059
2023-02-23T16:56:00.765872;01.303;04.035
2023-02-23T16:56:00.765872;00.729;02.663
2023-02-23T16:56:00.765872;00.613;02.541
2023-02-23T16:56:00.765872;00.531;02.107
2023-02-23T16:56:00.765872;00.893;02.452
2023-02-23T16:56:00.765872;00.454;01.596
2023-02-23T16:56:00.765872;00.439;01.144
2023-02-23T16:56:00.765872;00.724;02.211
2023-02-23T16:56:00.765872;01.288;04.264
2023-02-23T16:56:00.765872;00.685;02.044
2023-02-23T16:56:00.765872;00.414;01.399
2023-02-23T16:56:00.765872;00.512;01.722
2023-02-23T16:56:00.765872;00.903;02.646
2023-02-23T16:56:00.765872;00.934;01.866
2023-02-23T16:56:00.765872;00.726;01.951
2023-02-23T16:56:00.765872;00.436;00.585
2023-02-23T16:56:00.765872;00.665;01.689
2023-02-23T16:56:00.765872;00.577;01.655
2023-02-23T16:56:00.765872;00.628;01.484
2023-02-23T16:56:00.765872;00.640;01.747
2023-02-23T16:56:00.765872;00.602;01.487
2023-02-23T16:56:00.765872;01.147;04.082
2023-02-23T16:56:00.765872;00.724;02.758
2023-02-23T16:56:00.765872;00.830;01.836
2023-02-23T16:56:00.765872;00.571;01.277
2023-02-23T16:56:00.765872;00.642;02.010
2023-02-23T16:56:00.765872;00.603;01.787
2023-02-23T16:56:00.765872;00.580;01.734
2023-02-23T16:56:00.765872;00.654;01.356
2023-02-23T16:56:00.765872;00.589;01.399
2023-02-23T16:56:00.765872;00.641;01.535
2023-02-23T16:56:00.765872;00.963;03.455
2023-02-23T16:56:00.765872;00.600;02.302
2023-02-23T16:56:00.765872;00.654;02.036
2023-02-23T16:56:00.765872;00.830;02.686
2023-02-23T16:56:00.765872;00.835;03.198
2023-02-23T16:56:00.765872;00.633;02.411
2023-02-23T16:56:00.765872;01.069;04.133
2023-02-23T16:56:00.765872;00.723;03.106
2023-02-23T16:56:00.765872;00.601;02.089
2023-02-23T16:56:00.765872;00.594;02.504
2023-02-23T16:56:00.765872;00.582;01.794
2023-02-23T16:56:00.765872;00.465;01.893
2023-02-23T16:56:00.765872;00.808;03.422
2023-02-23T16:56:00.765872;00.386;02.338
2023-02-23T16:56:00.765872;00.613;02.620
2023-02-23T16:56:00.765872;00.458;01.508
2023-02-23T16:56:00.765872;00.525;01.990
2023-02-23T16:56:00.765872;00.597;02.176
2023-02-23T16:56:00.765872;00.778;03.234
2023-02-23T16:56:00.765872;00.678;02.602
2023-02-23T16:56:00.765872;00.582;02.581
2023-02-23T16:56:00.765872;00.425;00.631
2023-02-23T16:56:00.765872;01.114;03.485
2023-02-23T16:56:00.765872;00.674;02.516
2023-02-23T16:56:00.765872;00.584;05.797
2023-02-23T16:56:00.765872;00.548;02.628
2023-02-23T16:56:00.765872;00.659;02.160
2023-02-23T16:56:00.765872;00.778;03.102
2023-02-23T16:56:00.765872;00.626;02.030
2023-02-23T16:56:00.765872;01.212;03.715
2023-02-23T16:56:00.765872;01.263;03.802
2023-02-23T16:56:00.765872;00.506;01.759
2023-02-23T16:56:00.765872;00.479;01.782
2023-02-23T16:56:00.765872;00.517;01.533
2023-02-23T16:56:00.765872;00.572;01.479
2023-02-23T16:56:00.765872;00.536;01.871
2023-02-23T16:56:00.765872;00.727;02.955
2023-02-23T16:56:00.765872;00.675;02.308
2023-02-23T16:56:00.765872;00.615;02.334
2023-02-23T16:56:00.765872;00.748;02.551
2023-02-23T16:56:00.765872;00.437;01.045
2023-02-23T16:56:00.765872;01.020;03.973
2023-02-23T16:56:00.765872;00.711;02.123
2023-02-23T16:56:00.765872;01.126;03.585
2023-02-23T16:56:00.765872;00.964;02.771
2023-02-23T16:56:00.765872;00.637;02.294
2023-02-23T16:56:00.765872;00.549;01.897
2023-02-23T16:56:00.765872;01.048;03.684
2023-02-23T16:56:00.765872;00.646;02.277
2023-02-23T16:56:00.765872;00.454;01.685
2023-02-23T16:56:00.765872;00.599;04.531
2023-02-23T16:56:00.765872;00.528;01.597
2023-02-23T16:56:00.765872;00.458;01.300
2023-02-23T16:56:00.765872;00.744;03.021
2023-02-23T16:56:00.765872;00.641;01.903
2023-02-23T16:56:00.765872;00.512;02.339
2023-02-23T16:56:00.765872;00.843;03.353
2023-02-23T16:56:00.765872;00.649;02.273
2023-02-23T16:56:00.765872;00.603;02.624
2023-02-23T16:56:00.765872;00.590;02.617
2023-02-23T16:56:00.765872;00.690;02.728
2023-02-23T16:56:00.765872;00.730;02.688
2023-02-23T16:56:00.765872;00.550;02.176
2023-02-23T16:56:00.765872;00.552;01.843
2023-02-23T16:56:00.765872;00.560;02.466
2023-02-23T16:56:00.765872;00.924;03.788
2023-02-23T16:56:00.765872;00.583;02.472
2023-02-23T16:56:00.765872;00.702;02.838
2023-02-23T16:56:00.765872;01.111;04.245
2023-02-23T16:56:00.765872;06.229;00.084
2023-02-23T16:56:00.765872;00.575;02.734
2023-02-23T16:56:00.765872;00.462;01.748
2023-02-23T16:56:00.765872;01.056;03.416
2023-02-23T16:56:00.765872;00.877;03.638
2023-02-23T16:56:00.765872;00.678;02.399
2023-02-23T16:56:00.765872;00.663;02.167
2023-02-23T16:56:00.765872;00.341;02.108
2023-02-23T16:56:00.765872;00.495;01.926
2023-02-23T16:56:00.765872;00.483;00.990
2023-02-23T16:56:00.765872;00.647;02.187
2023-02-23T16:56:00.765872;00.696;01.700
2023-02-23T16:56:00.765872;00.677;01.474
2023-02-23T16:56:00.765872;00.982;03.048
2023-02-23T16:56:00.765872;00.506;01.375
2023-02-23T16:56:00.765872;00.509;00.885
2023-02-23T16:56:00.765872;00.970;02.388
2023-02-23T16:56:00.765872;00.844;01.843
2023-02-23T16:56:00.765872;00.640;02.784
2023-02-23T16:56:00.765872;00.721;01.528
2023-02-23T16:56:00.765872;00.909;02.172
2023-02-23T16:56:00.765872;01.158;03.255
2023-02-23T16:56:00.765872;01.071;03.014
2023-02-23T16:56:00.765872;00.678;01.452
2023-02-23T16:56:00.765872;00.528;00.407
2023-02-23T16:56:00.765872;00.973;02.375
2023-02-23T16:56:00.765872;00.573;01.831
2023-02-23T16:56:00.765872;00.807;02.292
2023-02-23T16:56:00.765872;01.061;02.618
2023-02-23T16:56:00.765872;00.547;01.167
2023-02-23T16:56:00.765872;00.466;00.657
2023-02-23T16:56:00.765872;00.621;01.333
2023-02-23T16:56:00.765872;01.986;05.201
2023-02-23T16:56:00.765872;01.510;04.296
2023-02-23T16:56:00.765872;00.555;01.129
2023-02-23T16:56:00.765872;00.476;00.939
2023-02-23T16:56:00.765872;00.616;01.592
2023-02-23T16:56:00.765872;00.639;01.809
2023-02-23T16:56:00.765872;00.607;01.722
2023-02-23T16:56:00.765872;00.889;02.730
2023-02-23T16:56:00.765872;00.712;02.294
2023-02-23T16:56:00.765872;00.886;02.951
2023-02-23T16:56:00.765872;01.087;03.203
2023-02-23T16:56:00.765872;00.537;03.087
2023-02-23T16:56:00.765872;00.887;02.734
2023-02-23T16:56:00.765872;01.114;03.298
2023-02-23T16:56:00.765872;00.933;03.132
2023-02-23T16:56:00.765872;00.364;01.420
2023-02-23T16:56:00.765872;00.512;01.161
2023-02-23T16:56:00.765872;00.888;02.874
2023-02-23T16:56:00.765872;00.928;02.929
2023-02-23T16:56:00.765872;00.695;01.621
2023-02-23T16:56:00.765872;00.849;02.432
2023-02-23T16:56:00.765872;00.981;03.323
2023-02-23T16:56:00.765872;00.674;01.770
2023-02-23T16:56:00.765872;00.410;02.547
2023-02-23T16:56:00.765872;01.346;03.951
2023-02-23T16:56:00.765872;00.698;01.747
2023-02-23T16:56:00.765872;00.502;01.373
2023-02-23T16:56:00.765872;00.714;02.655
2023-02-23T16:56:00.765872;00.749;01.658
2023-02-23T16:56:00.765872;00.483;01.021
2023-02-23T16:56:00.765872;00.604;01.813
2023-02-23T16:56:00.765872;00.885;02.424
2023-02-23T16:56:00.765872;01.067;02.977
2023-02-23T16:56:00.765872;01.051;03.282
2023-02-23T16:56:00.765872;01.001;02.851
2023-02-23T16:56:00.765872;00.676;01.810
2023-02-23T16:56:00.765872;00.867;03.182
2023-02-23T16:56:00.765872;00.850;03.158
2023-02-23T16:56:00.765872;01.160;03.824
2023-02-23T16:56:00.765872;00.448;01.318
2023-02-23T16:56:00.765872;01.342;03.474
2023-02-23T16:56:00.765872;01.006;02.420
2023-02-23T16:56:00.765872;01.174;03.427
2023-02-23T16:56:00.765872;00.850;02.293
2023-02-23T16:56:00.765872;01.145;03.357
2023-02-23T16:56:00.765872;00.844;01.968
2023-02-23T16:56:00.765872;00.544;01.167
2023-02-23T16:56:00.765872;00.800;02.619
2023-02-23T16:56:00.765872;01.089;03.092
2023-02-23T16:56:00.765872;00.615;01.888
2023-02-23T16:56:00.765872;00.932;03.103
2023-02-23T16:56:00.765872;01.223;03.329
2023-02-23T16:56:00.765872;00.720;02.308
2023-02-23T16:56:00.765872;00.652;02.082
2023-02-23T16:56:00.765872;00.924;02.884
2023-02-23T16:56:00.765872;00.917;02.720
2023-02-23T16:56:00.765872;00.850;02.660
2023-02-23T16:56:00.765872;00.771;02.027
2023-02-23T16:56:00.765872;00.653;01.257
2023-02-23T16:56:00.765872;00.704;02.691
2023-02-23T16:56:00.765872;00.914;02.595
2023-02-23T16:56:00.765872;01.092;03.090
2023-02-23T16:56:00.765872;00.821;02.453
2023-02-23T16:56:00.765872;00.819;01.944
2023-02-23T16:56:00.765872;01.194;03.664
2023-02-23T16:56:00.765872;01.024;02.650
2023-02-23T16:56:00.765872;00.691;01.754
2023-02-23T16:56:00.765872;00.740;02.072
2023-02-23T16:56:00.765872;00.495;01.489
2023-02-23T16:56:00.765872;00.848;02.117
2023-02-23T16:56:00.765872;00.476;01.248
2023-02-23T16:56:00.765872;00.914;02.979
2023-02-23T16:56:00.765872;01.267;03.695
2023-02-23T16:56:00.765872;00.867;02.690
2023-02-23T16:56:00.765872;00.560;01.735
2023-02-23T16:56:00.765872;00.546;01.574
2023-02-23T16:56:00.765872;00.560;01.496
2023-02-23T16:57:00.383078;00.506;01.556
2023-02-23T16:57:00.383078;00.489;01.091
2023-02-23T16:57:00.383078;01.148;03.319
2023-02-23T16:57:00.383078;00.594;01.899
2023-02-23T16:57:00.383078;01.022;02.801
2023-02-23T16:57:00.383078;00.662;01.593
2023-02-23T16:57:00.383078;00.521;01.701
2023-02-23T16:57:00.383078;00.577;01.109
2023-02-23T16:57:00.383078;00.873;02.305
2023-02-23T16:57:00.383078;00.493;00.902
2023-02-23T16:57:00.383078;00.515;01.720
2023-02-23T16:57:00.383078;00.928;02.559
2023-02-23T16:57:00.383078;00.712;02.199
2023-02-23T16:57:00.383078;00.841;03.212
2023-02-23T16:57:00.383078;00.496;01.705
2023-02-23T16:57:00.383078;00.951;02.963
2023-02-23T16:57:00.383078;01.015;03.113
2023-02-23T16:57:00.383078;00.778;03.225
2023-02-23T16:57:00.383078;01.094;04.110
2023-02-23T16:57:00.383078;00.483;01.514
2023-02-23T16:57:00.383078;00.652;02.245
2023-02-23T16:57:00.383078;00.674;02.742
2023-02-23T16:57:00.383078;00.441;01.677
2023-02-23T16:57:00.383078;00.631;02.380
2023-02-23T16:57:00.383078;00.727;02.521
2023-02-23T16:57:00.383078;00.729;02.244
2023-02-23T16:57:00.383078;00.779;03.131
2023-02-23T16:57:00.383078;01.617;04.844
2023-02-23T16:57:00.383078;00.685;01.964
2023-02-23T16:57:00.383078;00.817;03.506
2023-02-23T16:57:00.383078;00.445;00.660
2023-02-23T16:57:00.383078;00.382;01.419
2023-02-23T16:57:00.383078;00.598;02.298
2023-02-23T16:57:00.383078;00.946;03.693
2023-02-23T16:57:00.383078;00.645;02.736
2023-02-23T16:57:00.383078;00.445;04.105
2023-02-23T16:57:00.383078;01.034;03.549
2023-02-23T16:57:00.383078;00.678;02.898
2023-02-23T16:57:00.383078;00.640;02.171
2023-02-23T16:57:00.383078;00.555;02.112
2023-02-23T16:57:00.383078;01.079;04.048
2023-02-23T16:57:00.383078;00.441;01.838
2023-02-23T16:57:00.383078;00.600;02.183
2023-02-23T16:57:00.383078;00.938;03.222
2023-02-23T16:57:00.383078;00.642;02.144
2023-02-23T16:57:00.383078;00.918;03.816
2023-02-23T16:57:00.383078;00.540;02.349
2023-02-23T16:57:00.383078;00.595;01.963
2023-02-23T16:57:00.383078;00.513;02.136
2023-02-23T16:57:00.383078;00.590;01.985
2023-02-23T16:57:00.383078;00.589;02.342
2023-02-23T16:57:00.383078;00.499;02.098
2023-02-23T16:57:00.383078;00.625;01.920
2023-02-23T16:57:00.383078;00.632;02.428
2023-02-23T16:57:00.383078;00.817;03.444
2023-02-23T16:57:00.383078;00.584;02.216
2023-02-23T16:57:00.383078;00.655;02.523
2023-02-23T16:57:00.383078;00.360;01.451
2023-02-23T16:57:00.383078;00.677;02.130
2023-02-23T16:57:00.383078;01.026;02.897
2023-02-23T16:57:00.383078;00.655;02.424
2023-02-23T16:57:00.383078;00.739;02.082
2023-02-23T16:57:00.383078;00.794;02.454
2023-02-23T16:57:00.383078;00.437;01.374
2023-02-23T16:57:00.383078;00.657;01.965
2023-02-23T16:57:00.383078;00.652;02.677
2023-02-23T16:57:00.383078;00.597;02.109
2023-02-23T16:57:00.383078;00.652;01.796
2023-02-23T16:57:00.383078;01.289;03.982
2023-02-23T16:57:00.383078;00.787;02.798
2023-02-23T16:57:00.383078;01.072;03.216
2023-02-23T16:57:00.383078;00.572;02.108
2023-02-23T16:57:00.383078;00.912;02.641
2023-02-23T16:57:00.383078;00.386;01.307
2023-02-23T16:57:00.383078;00.763;02.261
2023-02-23T16:57:00.383078;00.632;02.000
2023-02-23T16:57:00.383078;00.569;01.953
2023-02-23T16:57:00.383078;00.594;01.585
2023-02-23T16:57:00.383078;00.594;01.581
2023-02-23T16:57:00.383078;00.563;01.912
2023-02-23T16:57:00.383078;01.221;03.358
2023-02-23T16:57:00.383078;00.575;01.575
2023-02-23T16:57:00.383078;00.869;02.381
2023-02-23T16:57:00.383078;00.830;03.013
2023-02-23T16:57:00.383078;00.577;02.245
2023-02-23T16:57:00.383078;00.520;01.879
2023-02-23T16:57:00.383078;00.765;02.640
2023-02-23T16:57:00.383078;00.613;02.096
2023-02-23T16:57:00.383078;00.701;01.819
2023-02-23T16:57:00.383078;00.554;01.941
2023-02-23T16:57:00.383078;00.571;01.652
2023-02-23T16:57:00.383078;00.833;02.271
2023-02-23T16:57:00.383078;00.451;00.765
2023-02-23T16:57:00.383078;00.656;02.069
2023-02-23T16:57:00.383078;00.852;02.282
2023-02-23T16:57:00.383078;00.670;02.076
2023-02-23T16:57:00.383078;00.639;01.982
2023-02-23T16:57:00.383078;00.793;02.287
2023-02-23T16:57:00.383078;00.685;02.348
2023-02-23T16:57:00.383078;00.716;02.117
2023-02-23T16:57:00.383078;00.751;02.475
2023-02-23T16:57:00.383078;00.611;01.884
2023-02-23T16:57:00.383078;01.550;04.540
2023-02-23T16:57:00.383078;00.614;01.840
2023-02-23T16:57:00.383078;00.727;02.037
2023-02-23T16:57:00.383078;00.821;02.610
2023-02-23T16:57:00.383078;00.531;01.510
2023-02-23T16:57:00.383078;01.019;02.753
2023-02-23T16:57:00.383078;00.439;01.108
2023-02-23T16:57:00.383078;00.691;01.894
2023-02-23T16:57:00.383078;00.429;04.270
2023-02-23T16:57:00.383078;00.590;02.199
2023-02-23T16:57:00.383078;00.681;01.905
2023-02-23T16:57:00.383078;00.572;00.435
2023-02-23T16:57:00.383078;00.660;02.426
2023-02-23T16:57:00.383078;00.525;01.253
2023-02-23T16:57:00.383078;00.445;01.205
2023-02-23T16:57:00.383078;00.565;02.174
2023-02-23T16:57:00.383078;00.782;02.391
2023-02-23T16:57:00.383078;00.769;02.033
2023-02-23T16:57:00.383078;00.906;02.963
2023-02-23T16:57:00.383078;00.719;01.933
2023-02-23T16:57:00.383078;00.894;02.728
2023-02-23T16:57:00.383078;00.417;01.426
2023-02-23T16:57:00.383078;00.740;02.460
2023-02-23T16:57:00.383078;00.697;01.846
2023-02-23T16:57:00.383078;00.695;01.736
2023-02-23T16:57:00.383078;00.656;01.774
2023-02-23T16:57:00.383078;00.862;02.713
2023-02-23T16:57:00.383078;00.600;01.656
2023-02-23T16:57:00.383078;00.722;02.408
2023-02-23T16:57:00.383078;00.868;02.074
2023-02-23T16:57:00.383078;00.704;02.205
2023-02-23T16:57:00.383078;00.859;02.138
2023-02-23T16:57:00.383078;00.614;02.015
2023-02-23T16:57:00.383078;01.179;04.015
2023-02-23T16:57:00.383078;00.609;02.084
2023-02-23T16:57:00.383078;00.422;01.351
2023-02-23T16:57:00.383078;00.632;01.992
2023-02-23T16:57:00.383078;00.531;01.449
2023-02-23T16:57:00.383078;00.560;00.473
2023-02-23T16:57:00.383078;00.469;01.064
2023-02-23T16:57:00.383078;00.613;01.913
2023-02-23T16:57:00.383078;00.683;02.568
2023-02-23T16:57:00.383078;00.616;02.299
2023-02-23T16:57:00.383078;00.752;01.971
2023-02-23T16:57:00.383078;00.783;02.849
2023-02-23T16:57:00.383078;00.920;03.493
2023-02-23T16:57:00.383078;00.876;03.117
2023-02-23T16:57:00.383078;00.632;01.691
2023-02-23T16:57:00.383078;00.410;00.725
2023-02-23T16:57:00.383078;00.678;01.810
2023-02-23T16:57:00.383078;01.151;03.527
2023-02-23T16:57:00.383078;00.767;02.510
2023-02-23T16:57:00.383078;00.462;04.036
2023-02-23T16:57:00.383078;00.613;01.723
2023-02-23T16:57:00.383078;00.389;00.664
2023-02-23T16:57:00.383078;00.936;03.347
2023-02-23T16:57:00.383078;00.670;01.817
2023-02-23T16:57:00.383078;00.517;01.570
2023-02-23T16:57:00.383078;00.607;02.383
2023-02-23T16:57:00.383078;00.623;01.885
2023-02-23T16:57:00.383078;01.054;03.421
2023-02-23T16:57:00.383078;00.437;00.734
2023-02-23T16:57:00.383078;00.506;01.452
2023-02-23T16:57:00.383078;00.676;02.233
2023-02-23T16:57:00.383078;00.542;01.481
2023-02-23T16:57:00.383078;00.715;01.820
2023-02-23T16:57:00.383078;00.953;03.026
2023-02-23T16:57:00.383078;00.489;01.419
2023-02-23T16:57:00.383078;00.715;02.008
2023-02-23T16:57:00.383078;00.469;01.379
2023-02-23T16:57:00.383078;00.572;01.524
2023-02-23T16:57:00.383078;00.581;01.739
2023-02-23T16:57:00.383078;00.690;02.377
2023-02-23T16:57:00.383078;00.700;01.463
2023-02-23T16:57:00.383078;00.775;02.185
2023-02-23T16:57:00.383078;00.422;01.689
2023-02-23T16:57:00.383078;00.444;01.648
2023-02-23T16:57:00.383078;00.761;02.585
2023-02-23T16:57:00.383078;00.454;00.919
2023-02-23T16:57:00.383078;00.854;02.491
2023-02-23T16:57:00.383078;00.515;01.462
2023-02-23T16:57:00.383078;00.680;01.701
2023-02-23T16:57:00.383078;00.552;01.538
2023-02-23T16:57:00.383078;00.950;03.220
2023-02-23T16:57:00.383078;00.542;01.866
2023-02-23T16:57:00.383078;00.972;02.711
2023-02-23T16:57:00.383078;00.676;02.379
2023-02-23T16:57:00.383078;00.501;00.491
2023-02-23T16:57:00.383078;00.441;01.742
2023-02-23T16:57:00.383078;00.643;02.341
2023-02-23T16:57:00.383078;00.939;02.662
2023-02-23T16:57:00.383078;00.521;03.171
2023-02-23T16:57:00.383078;00.841;01.918
2023-02-23T16:57:00.383078;00.695;01.960
2023-02-23T16:57:00.383078;00.750;01.839
2023-02-23T16:57:00.383078;01.286;03.475
2023-02-23T16:57:00.383078;01.102;03.074
2023-02-23T16:57:00.383078;00.728;01.840
2023-02-23T16:57:00.383078;01.090;02.582
2023-02-23T16:57:00.383078;00.591;01.506
2023-02-23T16:57:00.383078;00.841;02.048
2023-02-23T16:57:00.383078;01.029;02.918
2023-02-23T16:57:00.383078;00.530;01.501
2023-02-23T16:57:00.383078;00.926;02.816
2023-02-23T16:57:00.383078;00.792;01.852
2023-02-23T16:57:00.383078;00.770;02.061
2023-02-23T16:57:00.383078;01.116;03.344
2023-02-23T16:57:00.383078;00.689;01.799
2023-02-23T16:57:00.383078;00.774;02.202
2023-02-23T16:57:00.383078;01.022;03.286
2023-02-23T16:57:00.383078;00.969;03.292
2023-02-23T16:57:00.383078;00.596;01.223
2023-02-23T16:57:00.383078;00.699;01.504
2023-02-23T16:57:00.383078;00.721;01.664
2023-02-23T16:57:00.383078;00.636;01.453
2023-02-23T16:57:00.383078;00.670;01.522
2023-02-23T16:57:00.383078;00.451;01.130
2023-02-23T16:57:00.383078;00.572;01.381
2023-02-23T16:57:00.383078;00.666;01.712
2023-02-23T16:57:00.383078;00.822;02.021
2023-02-23T16:57:00.383078;01.137;02.903
2023-02-23T16:57:00.383078;00.676;01.973
2023-02-23T16:57:00.383078;01.072;02.856
2023-02-23T16:57:00.383078;00.836;02.253
2023-02-23T16:57:00.383078;00.727;02.236
2023-02-23T16:57:00.383078;00.501;01.199
2023-02-23T16:57:00.383078;00.512;01.217
2023-02-23T16:57:00.383078;00.718;01.728
2023-02-23T16:57:00.383078;00.809;02.278
2023-02-23T16:57:00.383078;00.653;02.349
2023-02-23T16:57:00.383078;00.685;01.961
2023-02-23T16:57:00.383078;00.702;01.745
2023-02-23T16:57:00.383078;00.777;01.840
2023-02-23T16:57:00.383078;00.563;01.097
2023-02-23T16:57:00.383078;00.518;01.597
2023-02-23T16:57:00.383078;00.659;01.829
2023-02-23T16:57:00.383078;00.429;01.405
2023-02-23T16:57:00.383078;00.393;01.923
2023-02-23T16:57:00.383078;01.006;03.462
2023-02-23T16:57:00.383078;00.615;01.746
2023-02-23T16:57:00.383078;00.731;02.898
2023-02-23T16:57:00.383078;00.702;01.807
2023-02-23T16:57:00.383078;00.509;01.521
2023-02-23T16:57:00.383078;00.618;02.148
2023-02-23T16:57:00.383078;01.213;03.175
2023-02-23T16:57:00.383078;00.592;01.955
2023-02-23T16:57:00.383078;00.580;01.854
2023-02-23T16:57:00.383078;00.605;02.294
2023-02-23T16:57:00.383078;00.466;00.661
2023-02-23T16:57:00.383078;01.086;03.195
2023-02-23T16:57:00.383078;00.378;01.104
2023-02-23T16:57:00.383078;00.479;01.412
2023-02-23T16:57:00.383078;00.652;02.280
2023-02-23T16:57:00.383078;00.626;02.597
2023-02-23T16:57:00.383078;00.835;03.667
2023-02-23T16:57:00.383078;00.966;02.746
2023-02-23T16:57:00.383078;00.822;02.675
2023-02-23T16:57:00.383078;00.622;02.148
2023-02-23T16:57:00.383078;00.883;02.995
2023-02-23T16:57:00.383078;00.506;02.058
2023-02-23T16:57:00.383078;01.135;03.731
2023-02-23T16:57:00.383078;00.642;02.217
2023-02-23T16:57:00.383078;00.736;02.608
2023-02-23T16:57:00.383078;00.490;01.599
2023-02-23T16:57:00.383078;00.644;01.910
2023-02-23T16:57:00.383078;00.641;02.230
2023-02-23T16:57:00.383078;01.060;03.117
2023-02-23T16:57:00.383078;00.830;02.961
2023-02-23T16:57:00.383078;01.080;03.459
2023-02-23T16:57:00.383078;00.830;02.117
2023-02-23T16:57:00.383078;00.833;02.521
2023-02-23T16:57:00.383078;00.584;01.785
2023-02-23T16:57:00.383078;00.705;01.950
2023-02-23T16:57:00.383078;00.595;01.779
2023-02-23T16:57:00.383078;00.373;01.129
2023-02-23T16:57:00.383078;00.732;02.449
2023-02-23T16:57:00.383078;00.674;01.969
2023-02-23T16:57:00.383078;00.677;02.243
2023-02-23T16:57:00.383078;00.751;02.981
2023-02-23T16:57:00.383078;00.831;02.434
2023-02-23T16:57:00.383078;00.997;02.821
2023-02-23T16:57:00.383078;00.585;02.407
2023-02-23T16:57:00.383078;01.185;03.218
2023-02-23T16:57:00.383078;00.922;02.707
2023-02-23T16:57:00.383078;00.915;02.724
2023-02-23T16:57:00.383078;00.945;02.862
2023-02-23T16:57:00.383078;01.087;02.789
2023-02-23T16:57:00.383078;00.736;02.483
2023-02-23T16:57:00.383078;00.946;03.347
2023-02-23T16:57:00.383078;00.781;02.090
2023-02-23T16:57:00.383078;00.661;01.635
2023-02-23T16:57:00.383078;00.922;03.022
2023-02-23T16:57:00.383078;00.709;02.239
2023-02-23T16:57:00.383078;00.597;02.298
2023-02-23T16:57:00.383078;00.621;02.295
2023-02-23T16:57:00.383078;00.605;01.611
2023-02-23T16:57:00.383078;00.706;02.299
2023-02-23T16:57:00.383078;00.493;01.955
2023-02-23T16:57:00.383078;00.567;02.125
2023-02-23T16:57:00.383078;00.506;01.765
2023-02-23T16:57:00.383078;00.699;02.035
2023-02-23T16:57:00.383078;00.733;02.342
2023-02-23T16:57:00.383078;00.628;02.279
2023-02-23T16:57:00.383078;00.654;01.814
2023-02-23T16:57:00.383078;00.557;01.428
2023-02-23T16:57:00.383078;00.515;01.735
2023-02-23T16:57:00.383078;00.525;01.666
2023-02-23T16:57:00.383078;00.679;01.734
2023-02-23T16:57:00.383078;00.592;01.530
2023-02-23T16:57:00.383078;00.445;01.564
2023-02-23T16:57:00.383078;00.595;01.840
2023-02-23T16:57:00.383078;00.634;01.930
2023-02-23T16:57:00.383078;00.955;03.825
2023-02-23T16:57:00.383078;00.616;01.843
2023-02-23T16:57:00.383078;00.702;02.705
2023-02-23T16:57:00.383078;01.062;04.160
2023-02-23T16:57:00.383078;00.615;02.097
2023-02-23T16:57:00.383078;00.907;02.900
2023-02-23T16:57:00.383078;00.567;01.883
2023-02-23T16:57:00.383078;00.479;02.053
2023-02-23T16:57:00.383078;00.549;02.035
2023-02-23T16:57:00.383078;00.841;03.001
2023-02-23T16:57:00.383078;01.076;03.535
2023-02-23T16:57:00.383078;00.879;03.118
2023-02-23T16:57:00.383078;00.918;02.785
2023-02-23T16:57:00.383078;00.569;02.088
2023-02-23T16:57:00.383078;00.805;02.894
2023-02-23T16:57:00.383078;00.597;02.579
2023-02-23T16:57:00.383078;00.765;02.864
2023-02-23T16:57:00.383078;00.735;02.275
2023-02-23T16:57:00.383078;00.625;02.461
2023-02-23T16:57:00.383078;00.451;02.020
2023-02-23T16:57:00.383078;00.933;03.084
2023-02-23T16:57:00.383078;00.536;01.862
2023-02-23T16:57:00.383078;00.676;02.028
2023-02-23T16:57:00.383078;00.636;02.802
2023-02-23T16:57:00.383078;00.644;02.111
2023-02-23T16:57:00.383078;00.555;02.275
2023-02-23T16:57:00.383078;00.616;02.290
2023-02-23T16:57:00.383078;00.505;01.677
2023-02-23T16:57:00.383078;00.899;03.758
2023-02-23T16:57:00.383078;00.523;01.770
2023-02-23T16:57:00.383078;00.913;03.057
2023-02-23T16:57:00.383078;00.727;02.664
2023-02-23T16:57:00.383078;00.450;02.260
2023-02-23T16:57:00.383078;00.774;02.672
2023-02-23T16:57:00.383078;00.655;02.776
2023-02-23T16:57:00.383078;00.764;03.099
2023-02-23T16:57:00.383078;00.557;01.909
2023-02-23T16:57:00.383078;00.498;02.367
2023-02-23T16:57:00.383078;00.468;01.754
2023-02-23T16:57:00.383078;00.620;02.634
2023-02-23T16:57:00.383078;00.879;01.668
2023-02-23T16:57:00.383078;00.639;01.778
2023-02-23T16:57:00.383078;00.618;02.548
2023-02-23T16:57:00.383078;00.628;02.521
2023-02-23T16:57:00.383078;00.498;01.938
2023-02-23T16:57:00.383078;01.025;02.899
2023-02-23T16:57:00.383078;00.397;01.249
2023-02-23T16:57:00.383078;00.673;02.297
2023-02-23T16:57:00.383078;00.673;02.044
2023-02-23T16:57:00.383078;00.593;02.054
2023-02-23T16:57:00.383078;00.610;02.034
2023-02-23T16:57:00.383078;00.777;02.854
2023-02-23T16:57:00.383078;00.832;02.858
2023-02-23T16:57:00.383078;00.803;02.089
2023-02-23T16:57:00.383078;01.019;03.608
2023-02-23T16:57:00.383078;00.810;02.318
2023-02-23T16:57:00.383078;00.542;00.821
2023-02-23T16:57:00.383078;01.158;03.131
2023-02-23T16:57:00.383078;00.661;02.010
2023-02-23T16:57:00.383078;00.539;01.788
2023-02-23T16:57:00.383078;00.686;02.230
2023-02-23T16:57:00.383078;00.611;02.232
2023-02-23T16:57:00.383078;00.621;01.821
2023-02-23T16:57:00.383078;00.824;02.834
2023-02-23T16:57:00.383078;00.882;02.686
2023-02-23T16:57:00.383078;01.057;03.552
2023-02-23T16:57:00.383078;00.454;01.820
2023-02-23T16:57:00.383078;00.495;01.347
2023-02-23T16:57:00.383078;00.699;02.154
2023-02-23T16:57:00.383078;00.364;00.887
2023-02-23T16:57:00.383078;00.659;02.839
2023-02-23T16:57:00.383078;00.981;04.160
2023-02-23T16:57:00.383078;00.846;03.125
2023-02-23T16:57:00.383078;00.777;02.723
2023-02-23T16:57:00.383078;00.436;01.405
2023-02-23T16:57:00.383078;00.633;02.542
2023-02-23T16:57:00.383078;00.585;02.689
2023-02-23T16:57:00.383078;00.568;02.589
2023-02-23T16:57:00.383078;00.676;02.768
2023-02-23T16:57:00.383078;00.746;02.374
2023-02-23T16:57:00.383078;00.523;00.497
2023-02-23T16:57:00.383078;00.761;02.219
2023-02-23T16:57:00.383078;00.717;02.689
2023-02-23T16:57:00.383078;00.653;02.616
2023-02-23T16:57:00.383078;00.716;02.212
2023-02-23T16:57:00.383078;00.620;02.252
2023-02-23T16:57:00.383078;00.676;01.608
2023-02-23T16:57:00.383078;00.518;01.830
2023-02-23T16:57:00.383078;00.610;01.915
2023-02-23T16:57:00.383078;00.583;01.573
2023-02-23T16:57:00.383078;00.681;01.836
2023-02-23T16:57:00.383078;00.536;01.584
2023-02-23T16:57:00.383078;00.539;01.095
2023-02-23T16:57:00.383078;00.577;00.943
2023-02-23T16:57:00.383078;00.670;01.988
2023-02-23T16:57:00.383078;00.872;02.500
2023-02-23T16:57:00.383078;00.399;03.888
2023-02-23T16:57:00.383078;00.730;02.334
2023-02-23T16:57:00.383078;00.712;01.862
2023-02-23T16:57:00.383078;00.933;02.738
2023-02-23T16:57:00.383078;00.724;02.037
2023-02-23T16:57:00.383078;00.801;02.595
2023-02-23T16:57:00.383078;00.565;01.586
2023-02-23T16:57:00.383078;00.735;02.231
2023-02-23T16:57:00.383078;01.066;03.188
2023-02-23T16:57:00.383078;00.531;01.221
2023-02-23T16:57:00.383078;00.666;02.249
2023-02-23T16:57:00.383078;00.680;02.222
2023-02-23T16:57:00.383078;00.546;01.963
2023-02-23T16:57:00.383078;00.628;01.891
2023-02-23T16:57:00.383078;00.728;02.308
2023-02-23T16:57:00.383078;00.939;02.651
2023-02-23T16:57:00.383078;00.638;01.968
2023-02-23T16:57:00.383078;00.699;01.893
2023-02-23T16:57:00.383078;00.621;01.659
2023-02-23T16:57:00.383078;00.601;02.099
2023-02-23T16:57:00.383078;00.926;03.128
2023-02-23T16:57:00.383078;00.341;01.891
2023-02-23T16:57:00.383078;00.597;01.955
2023-02-23T16:57:00.383078;00.634;02.185
2023-02-23T16:57:00.383078;00.580;01.584
2023-02-23T16:57:00.383078;00.646;01.846
2023-02-23T16:57:00.383078;00.626;02.163
2023-02-23T16:57:00.383078;00.876;02.196
2023-02-23T16:57:00.383078;00.493;01.846
2023-02-23T16:57:00.383078;00.465;00.562
2023-02-23T16:57:00.383078;00.676;01.877
2023-02-23T16:57:00.383078;00.754;02.410
2023-02-23T16:57:00.383078;00.533;01.444
2023-02-23T16:57:00.383078;00.798;02.428
2023-02-23T16:57:00.383078;00.475;01.295
2023-02-23T16:57:00.383078;00.413;00.887
2023-02-23T16:57:00.383078;00.448;02.150
2023-02-23T16:57:00.383078;00.742;02.647
2023-02-23T16:57:00.383078;00.594;02.097
2023-02-23T16:57:00.383078;00.451;01.193
2023-02-23T16:57:00.383078;00.402;01.670
2023-02-23T16:57:00.383078;00.625;01.674
2023-02-23T16:57:00.383078;00.539;01.732
2023-02-23T16:57:00.383078;00.607;02.590
2023-02-23T16:57:00.383078;00.728;02.375
2023-02-23T16:57:00.383078;00.739;02.677
2023-02-23T16:57:00.383078;00.977;03.146
2023-02-23T16:57:00.383078;01.016;03.831
2023-02-23T16:57:00.383078;00.610;02.636
2023-02-23T16:57:00.383078;00.634;01.748
2023-02-23T16:57:00.383078;01.076;03.005
2023-02-23T16:57:00.383078;00.580;01.908
2023-02-23T16:57:00.383078;00.551;01.371
2023-02-23T16:57:00.383078;00.702;02.823
2023-02-23T16:57:00.383078;00.520;01.394
2023-02-23T16:57:00.383078;00.651;01.694
2023-02-23T16:57:00.383078;00.593;01.609
2023-02-23T16:57:00.383078;00.732;01.989
2023-02-23T16:57:00.383078;00.682;01.844
2023-02-23T16:57:00.383078;00.651;01.669
2023-02-23T16:57:00.383078;00.607;01.500
2023-02-23T16:57:00.383078;00.616;01.872
2023-02-23T16:57:00.383078;00.757;02.226
2023-02-23T16:57:00.383078;00.567;00.734
2023-02-23T16:57:00.383078;00.820;02.315
2023-02-23T16:57:00.383078;00.758;02.297
2023-02-23T16:57:00.383078;00.469;00.896
2023-02-23T16:57:00.383078;00.479;01.291
2023-02-23T16:57:00.383078;00.967;02.999
2023-02-23T16:57:00.383078;01.120;02.982
2023-02-23T16:57:00.383078;00.720;02.156
2023-02-23T16:57:00.383078;00.774;02.043
2023-02-23T16:57:00.383078;00.968;02.603
2023-02-23T16:57:00.383078;00.925;02.858
2023-02-23T16:57:00.383078;00.455;01.147
2023-02-23T16:57:00.383078;00.652;01.543
2023-02-23T16:57:00.383078;00.831;02.309
2023-02-23T16:57:00.383078;00.594;02.655
2023-02-23T16:57:00.383078;00.560;01.335
2023-02-23T16:57:00.383078;00.642;01.446
2023-02-23T16:57:00.383078;00.537;01.484
2023-02-23T16:57:00.383078;00.614;01.584
2023-02-23T16:57:00.383078;00.660;01.906
2023-02-23T16:57:00.383078;00.788;02.484
2023-02-23T16:57:00.383078;00.657;02.039
2023-02-23T16:57:00.383078;00.624;01.861
2023-02-23T16:57:00.383078;00.586;01.512
2023-02-23T16:57:00.383078;00.928;02.756
2023-02-23T16:57:00.383078;00.806;02.944
2023-02-23T16:57:00.383078;00.622;02.143
2023-02-23T16:57:00.383078;00.457;01.680
2023-02-23T16:57:00.383078;00.712;02.861
2023-02-23T16:57:00.383078;00.850;03.501
2023-02-23T16:57:00.383078;00.546;02.304
2023-02-23T16:57:00.383078;00.572;02.342
2023-02-23T16:57:00.383078;00.748;02.799
2023-02-23T16:57:00.383078;00.525;01.653
2023-02-23T16:57:00.383078;00.607;01.798
2023-02-23T16:57:00.383078;00.585;02.051
2023-02-23T16:57:00.383078;00.512;01.277
2023-02-23T16:57:00.383078;00.607;01.570
2023-02-23T16:57:00.383078;00.899;03.180
2023-02-23T16:57:00.383078;00.623;01.666
2023-02-23T16:57:00.383078;01.173;03.275
2023-02-23T16:57:00.383078;00.654;01.463
2023-02-23T16:57:00.383078;00.935;03.069
2023-02-23T16:57:00.383078;00.699;01.868
2023-02-23T16:57:00.383078;00.701;01.840
2023-02-23T16:57:00.383078;00.814;02.535
2023-02-23T16:57:00.383078;00.658;02.068
2023-02-23T16:57:00.383078;00.560;00.412
2023-02-23T16:57:00.383078;00.747;02.513
2023-02-23T16:57:00.383078;00.725;01.895
2023-02-23T16:57:00.383078;01.020;03.356
2023-02-23T16:57:00.383078;00.953;03.288
2023-02-23T16:57:00.383078;00.599;01.618
2023-02-23T16:57:00.383078;00.606;02.902
2023-02-23T16:57:00.383078;00.638;01.841
2023-02-23T16:57:00.383078;00.673;02.047
2023-02-23T16:57:00.383078;00.708;02.017
2023-02-23T16:57:00.383078;00.985;03.109
2023-02-23T16:57:00.383078;01.024;03.050
2023-02-23T16:57:00.383078;00.700;01.798
2023-02-23T16:57:00.383078;00.963;02.520
2023-02-23T16:57:00.383078;00.698;02.201
2023-02-23T16:57:00.383078;00.661;01.569
2023-02-23T16:57:00.383078;00.799;01.092
2023-02-23T16:57:00.383078;00.580;01.477
2023-02-23T16:57:00.383078;00.599;01.423
2023-02-23T16:57:00.383078;00.597;00.666
2023-02-23T16:57:00.383078;00.897;03.182
2023-02-23T16:57:00.383078;00.555;01.552
2023-02-23T16:57:00.383078;00.699;01.862
2023-02-23T16:57:00.383078;00.578;01.413
2023-02-23T16:57:00.383078;01.054;03.056
2023-02-23T16:57:00.383078;00.945;02.905
2023-02-23T16:57:00.383078;00.603;01.461
2023-02-23T16:57:00.383078;00.637;02.128
2023-02-23T16:57:00.383078;00.597;01.910
2023-02-23T16:57:00.383078;00.595;01.493
2023-02-23T16:57:00.383078;00.651;01.751
2023-02-23T16:57:00.383078;00.564;01.744
2023-02-23T16:57:00.383078;00.962;02.812
2023-02-23T16:57:00.383078;00.497;01.567
2023-02-23T16:57:00.383078;00.672;01.762
2023-02-23T16:57:00.383078;00.681;02.222
2023-02-23T16:57:00.383078;00.738;02.570
2023-02-23T16:57:00.383078;00.649;01.721
2023-02-23T16:57:00.383078;00.953;03.210
2023-02-23T16:57:00.383078;00.779;02.486
2023-02-23T16:57:00.383078;00.649;01.922
2023-02-23T16:57:00.383078;00.466;01.953
2023-02-23T16:57:00.383078;00.707;01.416
2023-02-23T16:57:00.383078;00.639;02.103
2023-02-23T16:57:00.383078;00.644;02.214
2023-02-23T16:57:00.383078;00.563;02.218
2023-02-23T16:57:00.383078;00.637;02.365
2023-02-23T16:57:00.383078;00.555;01.634
2023-02-23T16:57:00.383078;00.578;02.209
2023-02-23T16:57:00.383078;00.689;02.607
2023-02-23T16:57:00.383078;00.777;02.213
2023-02-23T16:57:00.383078;00.528;01.491
2023-02-23T16:57:00.383078;00.549;01.693
2023-02-23T16:57:00.383078;00.690;02.094
2023-02-23T16:57:00.383078;00.825;01.811
2023-02-23T16:57:00.383078;00.656;01.701
2023-02-23T16:57:00.383078;01.066;02.831
2023-02-23T16:57:00.383078;00.900;03.328
2023-02-23T16:57:00.383078;00.689;03.290
2023-02-23T16:57:00.383078;01.069;03.287
2023-02-23T16:57:00.383078;00.989;02.570
2023-02-23T16:57:00.383078;00.791;02.615
2023-02-23T16:57:00.383078;00.675;00.530
2023-02-23T16:57:00.383078;00.763;01.729
2023-02-23T16:57:00.383078;00.579;02.402
2023-02-23T16:57:00.383078;01.144;03.012
2023-02-23T16:57:00.383078;00.577;00.990
2023-02-23T16:57:00.383078;00.509;01.228
2023-02-23T16:57:00.383078;00.600;01.895
2023-02-23T16:57:00.383078;00.625;01.655
2023-02-23T16:57:00.383078;00.665;02.906
2023-02-23T16:57:00.383078;00.723;01.973
2023-02-23T16:57:00.383078;00.441;01.446
2023-02-23T16:57:00.383078;00.554;01.028
2023-02-23T16:57:00.383078;00.518;01.619
2023-02-23T16:57:00.383078;00.742;01.620
2023-02-23T16:57:00.383078;00.346;00.894
2023-02-23T16:57:00.383078;00.771;01.452
2023-02-23T16:57:00.383078;00.816;03.260
2023-02-23T16:57:00.383078;01.037;03.738
2023-02-23T16:57:00.383078;00.783;02.131
2023-02-23T16:57:00.383078;00.794;02.800
2023-02-23T16:57:00.383078;00.704;02.537
2023-02-23T16:57:00.383078;00.628;01.440
2023-02-23T16:57:00.383078;00.581;01.316
2023-02-23T16:57:00.383078;00.606;01.761
2023-02-23T16:57:00.383078;00.984;03.273
2023-02-23T16:57:00.383078;00.911;03.300
2023-02-23T16:57:00.383078;00.646;01.662
2023-02-23T16:57:00.383078;00.722;02.718
2023-02-23T16:57:00.383078;00.542;01.165
2023-02-23T16:57:00.383078;00.759;02.112
2023-02-23T16:57:00.383078;00.634;01.960
2023-02-23T16:57:00.383078;00.922;03.112
2023-02-23T16:57:00.383078;01.162;03.590
2023-02-23T16:57:00.383078;01.021;03.826
2023-02-23T16:57:00.383078;01.047;03.192
2023-02-23T16:57:00.383078;00.988;03.423
2023-02-23T16:57:00.383078;00.364;00.920
2023-02-23T16:57:00.383078;01.206;03.624
2023-02-23T16:57:00.383078;00.563;02.369
2023-02-23T16:57:00.383078;00.743;02.535
2023-02-23T16:57:00.383078;00.458;01.262
2023-02-23T16:57:00.383078;00.633;01.933
2023-02-23T16:57:00.383078;00.466;01.773
2023-02-23T16:57:00.383078;00.509;02.210
2023-02-23T16:57:00.383078;00.726;03.879
2023-02-23T16:57:00.383078;00.654;01.879
2023-02-23T16:57:00.383078;00.961;03.336
2023-02-23T16:57:00.383078;01.016;02.922
2023-02-23T16:57:00.383078;00.920;02.939
2023-02-23T16:57:00.383078;00.746;02.294
2023-02-23T16:57:00.383078;01.064;02.858
2023-02-23T16:57:00.383078;00.610;02.221
2023-02-23T16:57:00.383078;00.462;00.761
2023-02-23T16:57:00.383078;00.528;01.813
2023-02-23T16:57:00.383078;00.825;03.062
2023-02-23T16:57:00.383078;00.675;02.244
2023-02-23T16:57:00.383078;00.594;01.686
2023-02-23T16:57:00.383078;00.744;02.285
2023-02-23T16:57:00.383078;00.724;02.222
2023-02-23T16:57:00.383078;00.991;02.697
2023-02-23T16:57:00.383078;00.508;01.088
2023-02-23T16:57:00.383078;00.472;02.134
2023-02-23T16:57:00.383078;00.875;02.094
2023-02-23T16:57:00.383078;00.670;01.394
2023-02-23T16:57:00.383078;00.858;02.527
2023-02-23T16:57:00.383078;00.806;01.836
2023-02-23T16:57:00.383078;00.748;01.585
2023-02-23T16:57:00.383078;00.829;02.442
2023-02-23T16:57:00.383078;00.842;02.267
2023-02-23T16:57:00.383078;00.976;02.693
2023-02-23T16:57:00.383078;00.574;00.948
2023-02-23T16:57:00.383078;00.509;00.806
2023-02-23T16:57:00.383078;00.754;02.136
2023-02-23T16:57:00.383078;00.646;01.644
2023-02-23T16:57:00.383078;00.875;02.460
2023-02-23T16:57:00.383078;01.184;03.136
2023-02-23T16:57:00.383078;00.792;01.704
2023-02-23T16:57:00.383078;00.812;02.352
2023-02-23T16:57:00.383078;00.741;02.083
2023-02-23T16:57:00.383078;00.888;02.116
2023-02-23T16:57:00.383078;01.035;02.813
2023-02-23T16:57:00.383078;00.663;01.480
2023-02-23T16:57:00.383078;00.569;01.635
2023-02-23T16:57:00.383078;00.697;01.436
2023-02-23T16:57:00.383078;00.732;02.095
2023-02-23T16:58:00.170121;00.621;01.618
2023-02-23T16:58:00.170121;00.918;02.325
2023-02-23T16:58:00.170121;01.079;03.070
2023-02-23T16:58:00.170121;00.668;01.648
2023-02-23T16:58:00.170121;00.612;02.046
2023-02-23T16:58:00.170121;00.894;02.280
2023-02-23T16:58:00.170121;00.462;01.303
2023-02-23T16:58:00.170121;00.525;01.290
2023-02-23T16:58:00.170121;00.534;01.811
2023-02-23T16:58:00.170121;00.800;02.532
2023-02-23T16:58:00.170121;01.069;03.322
2023-02-23T16:58:00.170121;00.761;01.856
2023-02-23T16:58:00.170121;00.887;02.280
2023-02-23T16:58:00.170121;00.853;02.221
2023-02-23T16:58:00.170121;01.014;02.710
2023-02-23T16:58:00.170121;01.068;03.693
2023-02-23T16:58:00.170121;00.817;02.599
2023-02-23T16:58:00.170121;00.940;02.602
2023-02-23T16:58:00.170121;00.675;02.354
2023-02-23T16:58:00.170121;00.645;03.084
2023-02-23T16:58:00.170121;00.838;03.026
2023-02-23T16:58:00.170121;00.823;02.988
2023-02-23T16:58:00.170121;00.500;01.451
2023-02-23T16:58:00.170121;00.761;01.970
2023-02-23T16:58:00.170121;00.816;02.293
2023-02-23T16:58:00.170121;00.490;00.979
2023-02-23T16:58:00.170121;00.784;01.843
2023-02-23T16:58:00.170121;00.761;02.883
2023-02-23T16:58:00.170121;00.752;01.961
2023-02-23T16:58:00.170121;00.630;02.161
2023-02-23T16:58:00.170121;00.717;02.127
2023-02-23T16:58:00.170121;00.595;01.721
2023-02-23T16:58:00.170121;00.948;02.458
2023-02-23T16:58:00.170121;00.707;01.858
2023-02-23T16:58:00.170121;00.771;02.487
2023-02-23T16:58:00.170121;00.603;01.794
2023-02-23T16:58:00.170121;00.726;02.187
2023-02-23T16:58:00.170121;00.696;02.096
2023-02-23T16:58:00.170121;00.632;01.474
2023-02-23T16:58:00.170121;00.652;01.980
2023-02-23T16:58:00.170121;00.558;00.977
2023-02-23T16:58:00.170121;00.843;02.535
2023-02-23T16:58:00.170121;00.534;01.611
2023-02-23T16:58:00.170121;00.928;02.909
2023-02-23T16:58:00.170121;00.758;02.703
2023-02-23T16:58:00.170121;00.582;01.978
2023-02-23T16:58:00.170121;00.934;03.436
2023-02-23T16:58:00.170121;00.469;01.021
2023-02-23T16:58:00.170121;00.756;02.309
2023-02-23T16:58:00.170121;00.479;00.886
2023-02-23T16:58:00.170121;00.558;01.824
2023-02-23T16:58:00.170121;00.769;02.408
2023-02-23T16:58:00.170121;00.519;01.345
2023-02-23T16:58:00.170121;00.684;02.059
2023-02-23T16:58:00.170121;00.655;02.378
2023-02-23T16:58:00.170121;00.644;02.300
2023-02-23T16:58:00.170121;00.938;03.129
2023-02-23T16:58:00.170121;00.414;02.769
2023-02-23T16:58:00.170121;00.529;02.007
2023-02-23T16:58:00.170121;00.543;02.101
2023-02-23T16:58:00.170121;00.605;01.959
2023-02-23T16:58:00.170121;00.611;02.161
2023-02-23T16:58:00.170121;00.875;02.633
2023-02-23T16:58:00.170121;00.838;03.374
2023-02-23T16:58:00.170121;00.644;02.466
2023-02-23T16:58:00.170121;00.869;02.708
2023-02-23T16:58:00.170121;00.811;02.973
2023-02-23T16:58:00.170121;00.637;02.422
2023-02-23T16:58:00.170121;00.838;02.258
2023-02-23T16:58:00.170121;00.733;02.391
2023-02-23T16:58:00.170121;00.792;02.855
2023-02-23T16:58:00.170121;00.727;01.992
2023-02-23T16:58:00.170121;00.803;02.241
2023-02-23T16:58:00.170121;00.616;01.633
2023-02-23T16:58:00.170121;00.654;02.263
2023-02-23T16:58:00.170121;00.732;01.846
2023-02-23T16:58:00.170121;00.722;01.853
2023-02-23T16:58:00.170121;00.895;02.405
2023-02-23T16:58:00.170121;00.616;01.505
2023-02-23T16:58:00.170121;00.531;01.383
2023-02-23T16:58:00.170121;00.767;02.740
2023-02-23T16:58:00.170121;00.525;01.701
2023-02-23T16:58:00.170121;00.557;01.826
2023-02-23T16:58:00.170121;00.835;03.065
2023-02-23T16:58:00.170121;00.999;03.734
2023-02-23T16:58:00.170121;00.351;04.063
2023-02-23T16:58:00.170121;00.907;03.005
2023-02-23T16:58:00.170121;00.795;02.252
2023-02-23T16:58:00.170121;00.496;01.777
2023-02-23T16:58:00.170121;00.766;02.028
2023-02-23T16:58:00.170121;00.498;00.925
2023-02-23T16:58:00.170121;00.523;01.820
2023-02-23T16:58:00.170121;00.705;02.382
2023-02-23T16:58:00.170121;00.562;02.107
2023-02-23T16:58:00.170121;00.641;02.563
2023-02-23T16:58:00.170121;00.659;02.708
2023-02-23T16:58:00.170121;00.605;01.863
2023-02-23T16:58:00.170121;00.791;02.891
2023-02-23T16:58:00.170121;00.426;01.231
2023-02-23T16:58:00.170121;00.777;02.426
2023-02-23T16:58:00.170121;00.942;03.515
2023-02-23T16:58:00.170121;00.341;04.244
2023-02-23T16:58:00.170121;00.589;01.624
2023-02-23T16:58:00.170121;01.030;03.036
2023-02-23T16:58:00.170121;00.817;02.228
2023-02-23T16:58:00.170121;00.620;01.683
2023-02-23T16:58:00.170121;00.518;01.295
2023-02-23T16:58:00.170121;00.565;01.550
2023-02-23T16:58:00.170121;00.796;02.521
2023-02-23T16:58:00.170121;00.957;02.907
2023-02-23T16:58:00.170121;00.922;03.366
2023-02-23T16:58:00.170121;00.557;05.401
2023-02-23T16:58:00.170121;00.807;02.713
2023-02-23T16:58:00.170121;00.712;02.037
2023-02-23T16:58:00.170121;00.509;01.496
2023-02-23T16:58:00.170121;00.641;01.972
2023-02-23T16:58:00.170121;00.982;03.484
2023-02-23T16:58:00.170121;00.554;02.149
2023-02-23T16:58:00.170121;00.729;03.103
2023-02-23T16:58:00.170121;00.876;03.071
2023-02-23T16:58:00.170121;00.841;02.386
2023-02-23T16:58:00.170121;00.492;01.053
2023-02-23T16:58:00.170121;00.577;01.776
2023-02-23T16:58:00.170121;00.736;02.148
2023-02-23T16:58:00.170121;00.376;01.961
2023-02-23T16:58:00.170121;00.901;03.495
2023-02-23T16:58:00.170121;00.546;02.297
2023-02-23T16:58:00.170121;00.636;02.473
2023-02-23T16:58:00.170121;00.771;02.317
2023-02-23T16:58:00.170121;00.764;02.823
2023-02-23T16:58:00.170121;00.589;01.767
2023-02-23T16:58:00.170121;00.493;00.918
2023-02-23T16:58:00.170121;00.499;01.417
2023-02-23T16:58:00.170121;00.904;03.183
2023-02-23T16:58:00.170121;00.512;01.356
2023-02-23T16:58:00.170121;01.390;03.955
2023-02-23T16:58:00.170121;00.402;01.853
2023-02-23T16:58:00.170121;00.455;01.671
2023-02-23T16:58:00.170121;00.889;02.715
2023-02-23T16:58:00.170121;00.633;02.128
2023-02-23T16:58:00.170121;00.686;02.601
2023-02-23T16:58:00.170121;00.557;01.881
2023-02-23T16:58:00.170121;00.980;03.508
2023-02-23T16:58:00.170121;00.849;03.009
2023-02-23T16:58:00.170121;00.539;02.202
2023-02-23T16:58:00.170121;00.585;01.580
2023-02-23T16:58:00.170121;00.887;01.965
2023-02-23T16:58:00.170121;00.882;02.735
2023-02-23T16:58:00.170121;00.757;02.524
2023-02-23T16:58:00.170121;00.585;01.699
2023-02-23T16:58:00.170121;00.592;02.486
2023-02-23T16:58:00.170121;01.067;03.915
2023-02-23T16:58:00.170121;00.807;03.040
2023-02-23T16:58:00.170121;00.932;03.445
2023-02-23T16:58:00.170121;00.825;02.815
2023-02-23T16:58:00.170121;00.817;02.354
2023-02-23T16:58:00.170121;00.753;02.222
2023-02-23T16:58:00.170121;00.949;03.349
2023-02-23T16:58:00.170121;00.761;02.318
2023-02-23T16:58:00.170121;01.034;03.467
2023-02-23T16:58:00.170121;00.945;02.823
2023-02-23T16:58:00.170121;00.904;03.297
2023-02-23T16:58:00.170121;00.756;02.682
2023-02-23T16:58:00.170121;00.813;02.646
2023-02-23T16:58:00.170121;00.669;02.517
2023-02-23T16:58:00.170121;01.000;03.154
2023-02-23T16:58:00.170121;00.746;02.180
2023-02-23T16:58:00.170121;00.552;01.866
2023-02-23T16:58:00.170121;00.611;02.086
2023-02-23T16:58:00.170121;00.700;01.982
2023-02-23T16:58:00.170121;00.841;02.780
2023-02-23T16:58:00.170121;00.885;02.944
2023-02-23T16:58:00.170121;00.882;02.642
2023-02-23T16:58:00.170121;00.659;02.180
2023-02-23T16:58:00.170121;00.856;03.160
2023-02-23T16:58:00.170121;00.708;02.777
2023-02-23T16:58:00.170121;00.580;02.049
2023-02-23T16:58:00.170121;00.537;00.464
2023-02-23T16:58:00.170121;00.621;01.799
2023-02-23T16:58:00.170121;00.580;01.793
2023-02-23T16:58:00.170121;00.563;02.133
2023-02-23T16:58:00.170121;00.600;01.801
2023-02-23T16:58:00.170121;00.727;02.832
2023-02-23T16:58:00.170121;01.143;03.715
2023-02-23T16:58:00.170121;00.777;03.027
2023-02-23T16:58:00.170121;00.346;05.236
2023-02-23T16:58:00.170121;00.913;03.667
2023-02-23T16:58:00.170121;00.567;02.020
2023-02-23T16:58:00.170121;00.711;02.789
2023-02-23T16:58:00.170121;01.029;02.897
2023-02-23T16:58:00.170121;00.694;02.388
2023-02-23T16:58:00.170121;00.956;02.873
2023-02-23T16:58:00.170121;00.470;01.400
2023-02-23T16:58:00.170121;00.642;01.938
2023-02-23T16:58:00.170121;01.069;03.385
2023-02-23T16:58:00.170121;00.985;03.484
2023-02-23T16:58:00.170121;00.723;02.162
2023-02-23T16:58:00.170121;00.863;03.071
2023-02-23T16:58:00.170121;00.422;01.182
2023-02-23T16:58:00.170121;00.774;02.137
2023-02-23T16:58:00.170121;00.711;02.826
2023-02-23T16:58:00.170121;00.616;02.084
2023-02-23T16:58:00.170121;00.624;02.000
2023-02-23T16:58:00.170121;00.463;01.379
2023-02-23T16:58:00.170121;00.595;01.690
2023-02-23T16:58:00.170121;00.698;02.713
2023-02-23T16:58:00.170121;00.897;02.471
2023-02-23T16:58:00.170121;01.096;03.599
2023-02-23T16:58:00.170121;00.770;02.896
2023-02-23T16:58:00.170121;00.780;02.986
2023-02-23T16:58:00.170121;00.525;01.896
2023-02-23T16:58:00.170121;00.621;01.661
2023-02-23T16:58:00.170121;00.763;02.277
2023-02-23T16:58:00.170121;00.635;02.102
2023-02-23T16:58:00.170121;00.570;02.174
2023-02-23T16:58:00.170121;00.583;02.253
2023-02-23T16:58:00.170121;00.614;02.058
2023-02-23T16:58:00.170121;00.422;00.796
2023-02-23T16:58:00.170121;00.463;01.322
2023-02-23T16:58:00.170121;00.476;00.877
2023-02-23T16:58:00.170121;00.589;01.940
2023-02-23T16:58:00.170121;00.469;01.562
2023-02-23T16:58:00.170121;00.634;02.466
2023-02-23T16:58:00.170121;00.964;03.290
2023-02-23T16:58:00.170121;00.455;00.536
2023-02-23T16:58:00.170121;00.696;01.937
2023-02-23T16:58:00.170121;00.711;02.404
2023-02-23T16:58:00.170121;00.787;02.502
2023-02-23T16:58:00.170121;00.693;01.908
2023-02-23T16:58:00.170121;00.570;01.762
2023-02-23T16:58:00.170121;00.600;01.736
2023-02-23T16:58:00.170121;00.594;02.013
2023-02-23T16:58:00.170121;00.534;01.439
2023-02-23T16:58:00.170121;00.473;01.484
2023-02-23T16:58:00.170121;00.924;02.499
2023-02-23T16:58:00.170121;00.575;01.664
2023-02-23T16:58:00.170121;00.798;02.818
2023-02-23T16:58:00.170121;00.611;01.962
2023-02-23T16:58:00.170121;00.898;02.638
2023-02-23T16:58:00.170121;00.791;02.547
2023-02-23T16:58:00.170121;00.583;01.786
2023-02-23T16:58:00.170121;00.531;01.839
2023-02-23T16:58:00.170121;00.499;01.278
2023-02-23T16:58:00.170121;00.509;02.183
2023-02-23T16:58:00.170121;00.863;03.006
2023-02-23T16:58:00.170121;00.861;03.265
2023-02-23T16:58:00.170121;00.983;02.916
2023-02-23T16:58:00.170121;00.607;01.991
2023-02-23T16:58:00.170121;00.476;00.995
2023-02-23T16:58:00.170121;00.676;01.779
2023-02-23T16:58:00.170121;00.600;02.095
2023-02-23T16:58:00.170121;00.466;01.270
2023-02-23T16:58:00.170121;00.394;00.673
2023-02-23T16:58:00.170121;00.762;02.552
2023-02-23T16:58:00.170121;01.037;03.364
2023-02-23T16:58:00.170121;00.618;02.512
2023-02-23T16:58:00.170121;00.978;03.166
2023-02-23T16:58:00.170121;00.659;02.524
2023-02-23T16:58:00.170121;00.989;03.543
2023-02-23T16:58:00.170121;00.700;01.903
2023-02-23T16:58:00.170121;00.611;01.606
2023-02-23T16:58:00.170121;00.621;02.180
2023-02-23T16:58:00.170121;00.837;02.923
2023-02-23T16:58:00.170121;01.227;03.509
2023-02-23T16:58:00.170121;00.824;02.188
2023-02-23T16:58:00.170121;01.284;03.169
2023-02-23T16:58:00.170121;00.642;01.603
2023-02-23T16:58:00.170121;00.854;03.073
2023-02-23T16:58:00.170121;00.706;02.430
2023-02-23T16:58:00.170121;00.858;03.134
2023-02-23T16:58:00.170121;00.563;00.849
2023-02-23T16:58:00.170121;00.820;02.669
2023-02-23T16:58:00.170121;00.607;01.712
2023-02-23T16:58:00.170121;00.764;02.305
2023-02-23T16:58:00.170121;00.866;03.143
2023-02-23T16:58:00.170121;00.697;02.205
2023-02-23T16:58:00.170121;00.496;01.079
2023-02-23T16:58:00.170121;00.543;01.335
2023-02-23T16:58:00.170121;00.800;02.195
2023-02-23T16:58:00.170121;01.299;03.739
2023-02-23T16:58:00.170121;00.706;02.233
2023-02-23T16:58:00.170121;00.798;02.124
2023-02-23T16:58:00.170121;00.907;02.970
2023-02-23T16:58:00.170121;00.417;01.704
2023-02-23T16:58:00.170121;00.697;02.274
2023-02-23T16:58:00.170121;00.672;02.383
2023-02-23T16:58:00.170121;00.526;01.694
2023-02-23T16:58:00.170121;00.645;02.084
2023-02-23T16:58:00.170121;00.624;02.004
2023-02-23T16:58:00.170121;00.642;02.243
2023-02-23T16:58:00.170121;00.407;01.080
2023-02-23T16:58:00.170121;00.904;02.978
2023-02-23T16:58:00.170121;00.759;02.659
2023-02-23T16:58:00.170121;00.649;01.954
2023-02-23T16:58:00.170121;00.444;00.671
2023-02-23T16:58:00.170121;00.552;02.023
2023-02-23T16:58:00.170121;00.820;02.087
2023-02-23T16:58:00.170121;00.563;02.173
2023-02-23T16:58:00.170121;00.515;01.380
2023-02-23T16:58:00.170121;00.552;01.046
2023-02-23T16:58:00.170121;00.725;02.005
2023-02-23T16:58:00.170121;00.560;01.670
2023-02-23T16:58:00.170121;00.611;02.102
2023-02-23T16:58:00.170121;00.652;02.434
2023-02-23T16:58:00.170121;01.074;03.445
2023-02-23T16:58:00.170121;00.554;01.722
2023-02-23T16:58:00.170121;00.610;01.802
2023-02-23T16:58:00.170121;00.620;01.745
2023-02-23T16:58:00.170121;00.824;03.003
2023-02-23T16:58:00.170121;00.588;01.148
2023-02-23T16:58:00.170121;00.498;01.510
2023-02-23T16:58:00.170121;00.612;01.795
2023-02-23T16:58:00.170121;01.113;03.518
2023-02-23T16:58:00.170121;01.035;03.291
2023-02-23T16:58:00.170121;00.765;02.046
2023-02-23T16:58:00.170121;00.531;01.319
2023-02-23T16:58:00.170121;00.899;03.229
2023-02-23T16:58:00.170121;00.901;02.840
2023-02-23T16:58:00.170121;00.597;02.031
2023-02-23T16:58:00.170121;00.611;01.639
2023-02-23T16:58:00.170121;00.644;01.541
2023-02-23T16:58:00.170121;00.741;02.514
2023-02-23T16:58:00.170121;00.751;01.946
2023-02-23T16:58:00.170121;00.590;01.761
2023-02-23T16:58:00.170121;00.766;02.771
2023-02-23T16:58:00.170121;00.536;01.799
2023-02-23T16:58:00.170121;00.792;02.512
2023-02-23T16:58:00.170121;00.699;02.382
2023-02-23T16:58:00.170121;00.661;01.951
2023-02-23T16:58:00.170121;00.964;03.194
2023-02-23T16:58:00.170121;00.509;01.876
2023-02-23T16:58:00.170121;00.592;01.931
2023-02-23T16:58:00.170121;00.726;02.301
2023-02-23T16:58:00.170121;00.711;02.224
2023-02-23T16:58:00.170121;00.640;01.954
2023-02-23T16:58:00.170121;00.825;03.192
2023-02-23T16:58:00.170121;00.799;02.991
2023-02-23T16:58:00.170121;00.853;02.247
2023-02-23T16:58:00.170121;00.861;02.730
2023-02-23T16:58:00.170121;00.878;02.981
2023-02-23T16:58:00.170121;00.706;02.609
2023-02-23T16:58:00.170121;00.729;02.224
2023-02-23T16:58:00.170121;00.555;01.980
2023-02-23T16:58:00.170121;00.695;02.192
2023-02-23T16:58:00.170121;00.949;03.465
2023-02-23T16:58:00.170121;00.515;01.207
2023-02-23T16:58:00.170121;00.963;03.252
2023-02-23T16:58:00.170121;00.592;01.491
2023-02-23T16:58:00.170121;00.575;01.577
2023-02-23T16:58:00.170121;00.942;03.143
2023-02-23T16:58:00.170121;00.829;02.198
2023-02-23T16:58:00.170121;00.782;02.435
2023-02-23T16:58:00.170121;00.915;02.604
2023-02-23T16:58:00.170121;00.925;03.468
2023-02-23T16:58:00.170121;00.469;01.286
2023-02-23T16:58:00.170121;00.620;01.618
2023-02-23T16:58:00.170121;00.557;01.745
2023-02-23T16:58:00.170121;00.850;03.264
2023-02-23T16:58:00.170121;00.906;02.581
2023-02-23T16:58:00.170121;00.618;01.724
2023-02-23T16:58:00.170121;00.613;01.929
2023-02-23T16:58:00.170121;00.885;03.229
2023-02-23T16:58:00.170121;00.607;02.056
2023-02-23T16:58:00.170121;00.639;01.956
2023-02-23T16:58:00.170121;01.075;03.048
2023-02-23T16:58:00.170121;00.594;02.095
2023-02-23T16:58:00.170121;00.589;02.091
2023-02-23T16:58:00.170121;00.531;01.995
2023-02-23T16:58:00.170121;00.946;03.184
2023-02-23T16:58:00.170121;00.767;02.679
2023-02-23T16:58:00.170121;00.897;02.698
2023-02-23T16:58:00.170121;00.417;01.153
2023-02-23T16:58:00.170121;00.735;02.233
2023-02-23T16:58:00.170121;00.577;01.784
2023-02-23T16:58:00.170121;00.827;02.828
2023-02-23T16:58:00.170121;00.990;03.711
2023-02-23T16:58:00.170121;00.790;02.407
2023-02-23T16:58:00.170121;00.604;02.230
2023-02-23T16:58:00.170121;00.695;02.163
2023-02-23T16:58:00.170121;00.475;00.780
2023-02-23T16:58:00.170121;00.597;01.855
2023-02-23T16:58:00.170121;00.634;01.868
2023-02-23T16:58:00.170121;00.613;01.729
2023-02-23T16:58:00.170121;00.458;01.723
2023-02-23T16:58:00.170121;00.913;03.199
2023-02-23T16:58:00.170121;00.607;01.920
2023-02-23T16:58:00.170121;00.580;01.670
2023-02-23T16:58:00.170121;00.921;03.313
2023-02-23T16:58:00.170121;01.081;03.456
2023-02-23T16:58:00.170121;00.685;02.215
2023-02-23T16:58:00.170121;00.700;02.315
2023-02-23T16:58:00.170121;00.988;03.218
2023-02-23T16:58:00.170121;00.804;02.832
2023-02-23T16:58:00.170121;00.595;01.763
2023-02-23T16:58:00.170121;00.885;02.790
2023-02-23T16:58:00.170121;00.557;01.477
2023-02-23T16:58:00.170121;00.679;01.652
2023-02-23T16:58:00.170121;00.718;02.066
2023-02-23T16:58:00.170121;00.414;03.694
2023-02-23T16:58:00.170121;00.674;01.633
2023-02-23T16:58:00.170121;00.709;01.983
2023-02-23T16:58:00.170121;00.649;02.145
2023-02-23T16:58:00.170121;00.676;02.515
2023-02-23T16:58:00.170121;00.886;03.131
2023-02-23T16:58:00.170121;00.898;02.785
2023-02-23T16:58:00.170121;01.041;03.201
2023-02-23T16:58:00.170121;00.512;01.045
2023-02-23T16:58:00.170121;00.589;01.548
2023-02-23T16:58:00.170121;00.841;02.497
2023-02-23T16:58:00.170121;00.817;02.981
2023-02-23T16:58:00.170121;00.543;01.911
2023-02-23T16:58:00.170121;00.946;01.926
2023-02-23T16:58:00.170121;00.693;02.206
2023-02-23T16:58:00.170121;00.625;01.460
2023-02-23T16:58:00.170121;00.793;02.427
2023-02-23T16:58:00.170121;00.813;03.007
2023-02-23T16:58:00.170121;00.602;01.579
2023-02-23T16:58:00.170121;00.790;02.046
2023-02-23T16:58:00.170121;00.816;02.987
2023-02-23T16:58:00.170121;00.648;01.914
2023-02-23T16:58:00.170121;01.047;04.160
2023-02-23T16:58:00.170121;00.651;03.204
2023-02-23T16:58:00.170121;00.846;02.579
2023-02-23T16:58:00.170121;00.934;03.794
2023-02-23T16:58:00.170121;00.930;03.569
2023-02-23T16:58:00.170121;00.656;02.481
2023-02-23T16:58:00.170121;00.882;03.821
2023-02-23T16:58:00.170121;00.935;02.891
2023-02-23T16:58:00.170121;00.866;02.815
2023-02-23T16:58:00.170121;01.034;03.576
2023-02-23T16:58:00.170121;00.542;01.919
2023-02-23T16:58:00.170121;00.884;02.762
2023-02-23T16:58:00.170121;00.641;02.392
2023-02-23T16:58:00.170121;01.014;03.554
2023-02-23T16:58:00.170121;00.829;02.553
2023-02-23T16:58:00.170121;00.876;03.301
2023-02-23T16:58:00.170121;00.806;03.251
2023-02-23T16:58:00.170121;00.936;03.327
2023-02-23T16:58:00.170121;00.560;02.412
2023-02-23T16:58:00.170121;00.620;02.060
2023-02-23T16:58:00.170121;00.499;02.525
2023-02-23T16:58:00.170121;00.955;03.479
2023-02-23T16:58:00.170121;00.712;03.157
2023-02-23T16:58:00.170121;00.926;03.062
2023-02-23T16:58:00.170121;00.668;02.422
2023-02-23T16:58:00.170121;00.621;01.981
2023-02-23T16:58:00.170121;00.417;00.923
2023-02-23T16:58:00.170121;00.572;01.981
2023-02-23T16:58:00.170121;00.558;01.977
2023-02-23T16:58:00.170121;00.589;02.433
2023-02-23T16:58:00.170121;00.557;03.405
2023-02-23T16:58:00.170121;00.852;03.674
2023-02-23T16:58:00.170121;00.847;03.750
2023-02-23T16:58:00.170121;00.690;02.614
2023-02-23T16:58:00.170121;00.779;02.927
2023-02-23T16:58:00.170121;00.867;03.008
2023-02-23T16:58:00.170121;00.687;02.351
2023-02-23T16:58:00.170121;00.905;03.035
2023-02-23T16:58:00.170121;00.600;02.709
2023-02-23T16:58:00.170121;00.607;02.047
2023-02-23T16:58:00.170121;00.563;01.980
2023-02-23T16:58:00.170121;01.017;04.236
2023-02-23T16:58:00.170121;00.765;03.330
2023-02-23T16:58:00.170121;00.584;02.018
2023-02-23T16:58:00.170121;00.907;03.435
2023-02-23T16:58:00.170121;00.699;03.064
2023-02-23T16:58:00.170121;01.080;04.100
2023-02-23T16:58:00.170121;00.720;02.246
2023-02-23T16:58:00.170121;00.780;03.226
2023-02-23T16:58:00.170121;00.893;03.512
2023-02-23T16:58:00.170121;00.643;02.740
2023-02-23T16:58:00.170121;00.771;02.254
2023-02-23T16:58:00.170121;00.489;02.027
2023-02-23T16:58:00.170121;01.048;03.808
2023-02-23T16:58:00.170121;00.659;01.923
2023-02-23T16:58:00.170121;00.969;03.744
2023-02-23T16:58:00.170121;00.799;02.681
2023-02-23T16:58:00.170121;00.516;03.598
2023-02-23T16:58:00.170121;00.628;02.230
2023-02-23T16:58:00.170121;00.838;01.843
2023-02-23T16:58:00.170121;00.602;02.046
2023-02-23T16:58:00.170121;01.008;02.647
2023-02-23T16:58:00.170121;00.816;02.878
2023-02-23T16:58:00.170121;00.697;02.661
2023-02-23T16:58:00.170121;00.794;02.321
2023-02-23T16:58:00.170121;00.666;02.418
2023-02-23T16:58:00.170121;00.604;01.899
2023-02-23T16:58:00.170121;00.699;02.046
2023-02-23T16:58:00.170121;00.796;02.539
2023-02-23T16:58:00.170121;00.916;02.798
2023-02-23T16:58:00.170121;00.891;02.641
2023-02-23T16:58:00.170121;00.832;02.318
2023-02-23T16:58:00.170121;00.574;02.316
2023-02-23T16:58:00.170121;00.621;02.420
2023-02-23T16:58:00.170121;00.583;02.115
2023-02-23T16:58:00.170121;00.962;03.979
2023-02-23T16:58:00.170121;01.024;03.435
2023-02-23T16:58:00.170121;00.580;02.217
2023-02-23T16:58:00.170121;00.679;01.883
2023-02-23T16:58:00.170121;00.742;02.982
2023-02-23T16:58:00.170121;01.029;03.114
2023-02-23T16:58:00.170121;00.929;02.602
2023-02-23T16:58:00.170121;00.882;02.482
2023-02-23T16:58:00.170121;00.848;02.104
2023-02-23T16:58:00.170121;00.847;02.485
2023-02-23T16:58:00.170121;00.529;02.775
2023-02-23T16:58:00.170121;00.679;02.460
2023-02-23T16:58:00.170121;00.664;02.119
2023-02-23T16:58:00.170121;01.082;03.232
2023-02-23T16:58:00.170121;00.673;02.516
2023-02-23T16:58:00.170121;00.878;02.800
2023-02-23T16:58:00.170121;00.745;02.236
2023-02-23T16:58:00.170121;00.561;01.699
2023-02-23T16:58:00.170121;00.969;03.368
2023-02-23T16:58:00.170121;00.537;01.981
2023-02-23T16:58:00.170121;00.867;02.972
2023-02-23T16:58:00.170121;00.727;02.476
2023-02-23T16:58:00.170121;00.781;03.175
2023-02-23T16:58:00.170121;00.810;03.026
2023-02-23T16:58:00.170121;00.581;01.685
2023-02-23T16:58:00.170121;00.727;02.681
2023-02-23T16:58:00.170121;00.672;01.939
2023-02-23T16:58:00.170121;00.871;02.436
2023-02-23T16:58:00.170121;00.695;02.031
2023-02-23T16:58:00.170121;00.583;01.775
2023-02-23T16:58:00.170121;00.637;01.819
2023-02-23T16:58:00.170121;00.716;02.392
2023-02-23T16:58:00.170121;00.751;01.992
2023-02-23T16:58:00.170121;00.694;01.795
2023-02-23T16:58:00.170121;00.662;02.418
2023-02-23T16:58:00.170121;00.929;03.052
2023-02-23T16:58:00.170121;00.984;03.038
2023-02-23T16:58:00.170121;00.907;02.335
2023-02-23T16:58:00.170121;00.699;02.394
2023-02-23T16:58:00.170121;00.949;02.915
2023-02-23T16:58:00.170121;00.437;01.330
2023-02-23T16:58:00.170121;00.743;02.441
2023-02-23T16:58:00.170121;00.553;01.125
2023-02-23T16:58:00.170121;00.513;01.655
2023-02-23T16:58:00.170121;01.005;02.765
2023-02-23T16:58:00.170121;00.659;01.952
2023-02-23T16:58:00.170121;00.641;02.157
2023-02-23T16:58:00.170121;00.537;01.558
2023-02-23T16:58:00.170121;00.563;01.805
2023-02-23T16:58:00.170121;00.657;02.254
2023-02-23T16:58:00.170121;00.735;02.454
2023-02-23T16:58:00.170121;00.624;01.781
2023-02-23T16:58:00.170121;00.578;01.581
2023-02-23T16:58:00.170121;00.605;02.134
2023-02-23T16:58:00.170121;00.840;03.472
2023-02-23T16:58:00.170121;00.637;01.634
2023-02-23T16:58:00.170121;00.704;02.192
2023-02-23T16:58:00.170121;01.128;03.413
2023-02-23T16:58:00.170121;00.555;01.358
2023-02-23T16:58:00.170121;00.633;01.872
2023-02-23T16:58:00.170121;00.522;01.277
2023-02-23T16:58:00.170121;00.459;01.484
2023-02-23T16:58:00.170121;00.659;02.489
2023-02-23T16:58:00.170121;00.826;02.442
2023-02-23T16:58:00.170121;00.727;02.871
2023-02-23T16:58:00.170121;00.590;01.573
2023-02-23T16:58:00.170121;00.907;03.128
2023-02-23T16:58:00.170121;00.594;01.845
2023-02-23T16:58:00.170121;00.586;01.703
2023-02-23T16:58:00.170121;00.711;02.443
2023-02-23T16:58:00.170121;00.531;01.334
2023-02-23T16:58:00.170121;00.483;02.085
2023-02-23T16:58:00.170121;00.843;02.733
2023-02-23T16:58:00.170121;00.594;01.988
2023-02-23T16:58:00.170121;00.537;01.929
2023-02-23T16:58:00.170121;00.668;01.943
2023-02-23T16:58:00.170121;00.589;02.145
2023-02-23T16:58:00.170121;00.355;04.250
2023-02-23T16:58:00.170121;00.732;02.782
2023-02-23T16:58:00.170121;00.423;07.361
2023-02-23T16:58:00.170121;00.680;02.028
2023-02-23T16:58:00.170121;01.198;03.308
2023-02-23T16:58:00.170121;00.904;03.138
2023-02-23T16:58:00.170121;00.913;03.332
2023-02-23T16:58:00.170121;00.519;01.904
2023-02-23T16:58:00.170121;00.606;02.573
2023-02-23T16:58:00.170121;00.583;01.837
2023-02-23T16:58:00.170121;00.760;01.960
2023-02-23T16:58:00.170121;00.753;02.204
2023-02-23T16:58:00.170121;00.913;03.269
2023-02-23T16:58:00.170121;00.756;02.242
2023-02-23T16:58:00.170121;00.967;03.553
2023-02-23T16:58:00.170121;00.553;01.987
2023-02-23T16:58:00.170121;00.808;01.723
2023-02-23T16:58:00.170121;00.910;03.340
2023-02-23T16:58:00.170121;00.585;01.972
2023-02-23T16:58:00.170121;00.668;02.402
2023-02-23T16:58:00.170121;00.940;02.734
2023-02-23T16:58:00.170121;00.751;02.342
2023-02-23T16:58:00.170121;00.543;00.398
2023-02-23T16:58:00.170121;00.448;02.393
2023-02-23T16:58:00.170121;00.445;01.790
2023-02-23T16:58:00.170121;00.720;01.933
2023-02-23T16:58:00.170121;00.862;02.538
2023-02-23T16:58:00.170121;00.563;01.871
2023-02-23T16:58:00.170121;00.714;02.334
2023-02-23T16:58:00.170121;00.563;01.806
2023-02-23T16:58:00.170121;00.534;01.701
2023-02-23T16:58:00.170121;00.810;02.350
2023-02-23T16:58:00.170121;00.989;03.332
2023-02-23T16:58:00.170121;00.597;01.683
2023-02-23T16:58:00.170121;00.600;01.686
2023-02-23T16:58:00.170121;00.906;02.967
2023-02-23T16:58:00.170121;00.774;01.877
2023-02-23T16:58:00.170121;00.681;01.680
2023-02-23T16:58:00.170121;00.918;03.158
2023-02-23T16:58:00.170121;00.938;02.976
2023-02-23T16:58:00.170121;00.831;02.809
2023-02-23T16:58:00.170121;00.702;01.652
2023-02-23T16:58:00.170121;00.561;01.398
2023-02-23T16:58:00.170121;00.837;02.146
2023-02-23T16:58:00.170121;00.868;02.319
2023-02-23T16:58:00.170121;00.567;01.507
2023-02-23T16:58:00.170121;00.786;02.271
2023-02-23T16:58:00.170121;00.848;02.155
2023-02-23T16:58:00.170121;00.483;02.550
2023-02-23T16:58:00.170121;00.681;01.608
2023-02-23T16:58:00.170121;00.744;01.985
2023-02-23T16:58:00.170121;00.834;02.475
2023-02-23T16:58:00.170121;00.674;01.279
2023-02-23T16:58:00.170121;00.646;01.175
2023-02-23T16:58:00.170121;00.751;01.479
2023-02-23T16:58:00.170121;00.475;01.055
2023-02-23T16:58:00.170121;00.746;01.894
2023-02-23T16:58:00.170121;00.832;02.037
2023-02-23T16:58:00.170121;00.575;00.968
2023-02-23T16:58:00.170121;00.932;02.508
2023-02-23T16:58:00.170121;00.848;02.108
2023-02-23T16:58:00.170121;00.956;02.813
2023-02-23T16:58:00.170121;00.800;01.958
2023-02-23T16:58:00.170121;00.935;02.302
2023-02-23T16:58:00.170121;00.795;02.161
2023-02-23T16:58:00.170121;00.708;02.097
2023-02-23T16:58:00.170121;00.572;00.419
2023-02-23T16:58:00.170121;00.817;01.853
2023-02-23T16:58:00.170121;00.919;02.705
2023-02-23T16:58:00.170121;00.774;01.642
2023-02-23T16:58:00.170121;00.751;02.457
2023-02-23T16:58:00.170121;01.027;02.553
2023-02-23T16:58:00.170121;00.561;01.231
2023-02-23T16:58:00.170121;00.670;01.919
2023-02-23T16:58:00.170121;00.670;01.568
2023-02-23T16:58:00.170121;00.710;02.134
2023-02-23T16:58:00.170121;00.708;01.887
2023-02-23T16:58:00.170121;00.527;00.868
2023-02-23T16:58:00.170121;00.595;01.782
2023-02-23T16:58:00.170121;00.681;01.694
2023-02-23T16:58:00.170121;00.547;00.727
2023-02-23T16:58:00.170121;00.739;01.353
2023-02-23T16:58:00.170121;00.581;00.926
2023-02-23T16:58:00.170121;00.669;01.567
2023-02-23T16:58:00.170121;00.582;00.411
2023-02-23T16:58:00.170121;00.708;02.207
2023-02-23T16:58:00.170121;00.849;02.180
2023-02-23T16:58:00.170121;00.810;02.154
2023-02-23T16:58:00.170121;00.585;00.713
2023-02-23T16:58:00.170121;00.725;02.093
2023-02-23T16:58:00.170121;00.636;01.377
2023-02-23T16:58:00.170121;00.831;02.372
2023-02-23T16:58:00.170121;00.693;01.807
2023-02-23T16:58:00.170121;00.853;02.479
2023-02-23T16:58:00.170121;00.786;01.900
2023-02-23T16:58:00.170121;00.823;01.833
2023-02-23T16:58:00.170121;01.094;02.829
2023-02-23T16:58:00.170121;00.737;02.366
2023-02-23T16:58:00.170121;00.835;02.372
2023-02-23T16:58:00.170121;00.571;02.009
2023-02-23T16:58:00.170121;00.483;00.853
2023-02-23T16:58:00.170121;00.663;01.489
2023-02-23T16:58:00.170121;00.743;02.410
2023-02-23T16:58:00.170121;00.548;01.255
2023-02-23T16:58:00.170121;00.675;01.309
2023-02-23T16:58:00.170121;00.736;02.224
2023-02-23T16:58:00.170121;00.827;02.259
2023-02-23T16:58:00.170121;00.950;01.927
2023-02-23T16:58:00.170121;00.602;01.257
2023-02-23T16:58:00.170121;00.933;02.329
2023-02-23T16:58:00.170121;00.834;01.778
2023-02-23T16:58:00.170121;00.996;02.328
2023-02-23T16:58:00.170121;00.835;01.923
2023-02-23T16:58:00.170121;00.817;02.064
2023-02-23T16:58:00.170121;00.646;01.707
2023-02-23T16:58:00.170121;00.929;01.965
2023-02-23T16:58:00.170121;00.740;01.736
2023-02-23T16:58:00.170121;00.803;02.026
2023-02-23T16:58:00.170121;00.623;01.523
2023-02-23T16:58:00.170121;00.945;02.571
2023-02-23T16:58:00.170121;00.668;01.923
2023-02-23T16:58:00.170121;00.670;02.120
2023-02-23T16:58:00.170121;00.572;01.656
2023-02-23T16:58:00.170121;00.700;03.152
2023-02-23T16:58:00.170121;00.745;02.414
2023-02-23T16:58:00.170121;00.625;01.347
2023-02-23T16:58:00.170121;00.697;02.384
2023-02-23T16:58:00.170121;00.549;01.920
2023-02-23T16:58:00.170121;00.641;00.938
2023-02-23T16:58:00.170121;00.723;01.527
2023-02-23T16:58:00.170121;00.557;02.811
2023-02-23T16:58:00.170121;00.680;02.441
2023-02-23T16:58:00.170121;00.577;01.055
2023-02-23T16:58:00.170121;00.842;02.847
2023-02-23T16:58:00.170121;00.730;01.967
2023-02-23T16:58:00.170121;00.708;02.187
2023-02-23T16:58:00.170121;00.903;02.551
2023-02-23T16:58:00.170121;00.680;02.093
2023-02-23T16:58:00.170121;00.605;01.705
2023-02-23T16:58:00.170121;00.723;02.523
2023-02-23T16:58:00.170121;00.861;02.750
2023-02-23T16:58:00.170121;00.733;02.275
2023-02-23T16:58:00.170121;00.664;02.019
2023-02-23T16:58:00.170121;00.674;01.831
2023-02-23T16:58:00.170121;00.660;02.221
2023-02-23T16:58:00.170121;00.743;02.539
2023-02-23T16:58:00.170121;00.597;01.745
2023-02-23T16:58:00.170121;00.815;02.348
2023-02-23T16:58:00.170121;00.704;01.983
2023-02-23T16:58:00.170121;00.769;02.109
2023-02-23T16:58:00.170121;00.518;01.613
2023-02-23T16:58:00.170121;00.693;01.699
2023-02-23T16:58:00.170121;00.709;02.220
2023-02-23T16:58:00.170121;00.681;02.086
2023-02-23T16:58:00.170121;00.618;01.397
2023-02-23T16:58:00.170121;00.621;01.376
2023-02-23T16:58:00.170121;00.618;01.625
2023-02-23T16:58:00.170121;00.613;01.777
2023-02-23T16:58:00.170121;00.490;01.590
2023-02-23T16:58:00.170121;00.668;01.765
2023-02-23T16:58:00.170121;00.618;01.771
2023-02-23T16:58:00.170121;00.634;02.068
2023-02-23T16:58:00.170121;00.688;02.048
2023-02-23T16:58:00.170121;00.526;01.082
2023-02-23T16:58:00.170121;00.930;03.343
2023-02-23T16:58:00.170121;00.680;02.163
2023-02-23T16:58:00.170121;00.801;02.437
2023-02-23T16:58:00.170121;00.597;01.909
2023-02-23T16:58:00.170121;00.652;02.011
2023-02-23T16:58:00.170121;00.761;02.044
2023-02-23T16:58:00.170121;00.559;01.740
2023-02-23T16:58:00.170121;00.518;01.440
2023-02-23T16:58:00.170121;00.615;01.517
2023-02-23T16:58:00.170121;00.557;00.438
2023-02-23T16:58:00.170121;00.956;03.342
2023-02-23T16:58:00.170121;00.560;01.213
2023-02-23T16:58:00.170121;00.613;01.765
2023-02-23T16:58:00.170121;00.704;01.738
2023-02-23T16:58:00.170121;00.652;01.779
2023-02-23T16:58:00.170121;00.600;01.305
2023-02-23T16:58:00.170121;00.611;01.792
2023-02-23T16:58:00.170121;00.529;01.453
2023-02-23T16:58:00.170121;00.642;01.489
2023-02-23T16:58:00.170121;00.479;01.325
2023-02-23T16:58:00.170121;00.584;01.240
2023-02-23T16:58:00.170121;00.768;02.262
2023-02-23T16:58:00.170121;00.784;02.674
2023-02-23T16:58:00.170121;00.572;01.795
2023-02-23T16:58:00.170121;00.620;01.589
2023-02-23T16:58:00.170121;00.599;01.806
2023-02-23T16:58:00.170121;00.682;01.767
2023-02-23T16:58:00.170121;00.542;01.380
2023-02-23T16:58:00.170121;00.546;00.994
2023-02-23T16:58:00.170121;00.736;02.099
2023-02-23T16:58:00.170121;00.557;01.107
2023-02-23T16:58:00.170121;01.149;03.301
2023-02-23T16:58:00.170121;00.620;02.451
2023-02-23T16:58:00.170121;00.641;01.610
2023-02-23T16:58:00.170121;00.515;01.371
2023-02-23T16:58:00.170121;00.583;01.689
2023-02-23T16:58:00.170121;00.565;01.534
2023-02-23T16:58:00.170121;01.067;02.957
2023-02-23T16:58:00.170121;00.495;01.481
2023-02-23T16:58:00.170121;00.989;02.650
2023-02-23T16:58:00.170121;00.857;03.055
2023-02-23T16:58:00.170121;00.633;01.904
2023-02-23T16:58:00.170121;00.815;02.498
2023-02-23T16:58:00.170121;00.813;02.304
2023-02-23T16:58:00.170121;00.736;01.744
2023-02-23T16:58:00.170121;00.924;02.298
2023-02-23T16:58:00.170121;01.128;03.317
2023-02-23T16:58:00.170121;00.567;01.381
2023-02-23T16:58:00.170121;00.886;02.580
2023-02-23T16:58:00.170121;00.486;01.300
2023-02-23T16:58:00.170121;00.684;02.271
2023-02-23T16:58:00.170121;00.946;02.784
2023-02-23T16:58:00.170121;00.810;02.360
2023-02-23T16:58:00.170121;00.679;01.962
2023-02-23T16:58:00.170121;00.864;02.505
2023-02-23T16:58:00.170121;00.765;01.668
2023-02-23T16:58:00.170121;00.625;01.740
2023-02-23T16:58:00.170121;00.489;01.492
2023-02-23T16:58:00.170121;01.212;03.107
2023-02-23T16:58:00.170121;00.843;02.119
2023-02-23T16:58:00.170121;00.697;01.775
2023-02-23T16:58:00.170121;00.705;01.908
2023-02-23T16:58:00.170121;00.793;01.974
2023-02-23T16:58:00.170121;00.922;02.598
2023-02-23T16:58:00.170121;00.658;01.714
2023-02-23T16:58:00.170121;00.602;01.670
2023-02-23T16:58:00.170121;00.838;02.532
2023-02-23T16:58:00.170121;00.539;01.656
2023-02-23T16:58:00.170121;00.574;01.681
2023-02-23T16:58:00.170121;00.761;01.312
2023-02-23T16:58:00.170121;01.098;03.464
2023-02-23T16:58:00.170121;00.610;01.535
2023-02-23T16:58:00.170121;00.554;02.478
2023-02-23T16:58:00.170121;00.699;02.032
2023-02-23T16:58:00.170121;01.114;03.264
2023-02-23T16:58:00.170121;01.037;02.997
2023-02-23T16:58:00.170121;00.796;01.919
2023-02-23T16:58:00.170121;00.750;01.910
2023-02-23T16:58:00.170121;00.786;02.629
2023-02-23T16:58:00.170121;00.757;02.352
2023-02-23T16:58:00.170121;00.919;02.272
2023-02-23T16:58:00.170121;00.594;01.743
2023-02-23T16:58:00.170121;00.728;02.136
2023-02-23T16:58:00.170121;00.900;02.524
2023-02-23T16:58:00.170121;00.571;01.812
2023-02-23T16:58:00.170121;00.687;01.756
2023-02-23T16:58:00.170121;00.899;02.782
2023-02-23T16:58:00.170121;00.770;02.339
2023-02-23T16:58:00.170121;00.804;02.853
2023-02-23T16:58:00.170121;00.802;02.888
2023-02-23T16:58:00.170121;00.557;01.725
2023-02-23T16:58:00.170121;00.563;02.213
2023-02-23T16:58:00.170121;00.651;02.121
2023-02-23T16:58:00.170121;00.682;02.029
2023-02-23T16:58:00.170121;00.569;01.848
2023-02-23T16:58:00.170121;00.631;02.081
2023-02-23T16:58:00.170121;00.858;03.017
2023-02-23T16:58:00.170121;00.458;01.252
2023-02-23T16:58:00.170121;00.496;01.557
2023-02-23T16:58:00.170121;00.605;01.479
2023-02-23T16:58:00.170121;00.956;03.403
2023-02-23T16:58:00.170121;00.707;01.688
2023-02-23T16:58:00.170121;00.688;02.342
2023-02-23T16:58:00.170121;00.880;03.410
2023-02-23T16:58:00.170121;00.844;02.981
2023-02-23T16:58:00.170121;00.585;01.526
2023-02-23T16:58:00.170121;00.722;01.718
2023-02-23T16:58:00.170121;00.834;02.427
2023-02-23T16:58:00.170121;00.722;01.889
2023-02-23T16:58:00.170121;00.979;02.803
2023-02-23T16:58:00.170121;00.942;02.374
2023-02-23T16:58:00.170121;00.711;01.372
2023-02-23T16:58:00.170121;00.457;01.324
2023-02-23T16:58:00.170121;00.747;02.018
2023-02-23T16:58:00.170121;00.884;03.019
2023-02-23T16:58:00.170121;00.927;02.472
2023-02-23T16:58:00.170121;00.664;01.649
2023-02-23T16:58:00.170121;00.660;01.536
2023-02-23T16:58:00.170121;00.531;01.210
2023-02-23T16:58:00.170121;00.554;03.046
2023-02-23T16:58:00.170121;00.930;02.809
2023-02-23T16:58:00.170121;01.021;03.638
2023-02-23T16:58:00.170121;00.765;02.461
2023-02-23T16:58:00.170121;00.557;00.909
2023-02-23T16:58:00.170121;00.760;02.585
2023-02-23T16:58:00.170121;01.302;04.094
2023-02-23T16:58:00.170121;00.695;02.212
2023-02-23T16:58:00.170121;00.971;02.708
2023-02-23T16:58:00.170121;00.660;01.941
2023-02-23T16:58:00.170121;00.880;02.338
2023-02-23T16:58:00.170121;00.652;02.230
2023-02-23T16:58:00.170121;00.557;00.523
2023-02-23T16:58:00.170121;00.870;02.590
2023-02-23T16:58:00.170121;00.899;03.272
2023-02-23T16:58:00.170121;00.639;01.931
2023-02-23T16:58:00.170121;00.811;02.711
2023-02-23T16:58:00.170121;00.492;01.340
2023-02-23T16:58:00.170121;00.740;01.955
2023-02-23T16:58:00.170121;00.728;02.750
2023-02-23T16:58:00.170121;00.765;02.831
2023-02-23T16:58:00.170121;00.647;02.437
2023-02-23T16:58:00.170121;00.483;02.285
2023-02-23T16:58:00.170121;00.721;02.394
2023-02-23T16:58:00.170121;00.665;02.103
2023-02-23T16:58:00.170121;00.729;02.638
2023-02-23T16:58:00.170121;00.903;03.461
2023-02-23T16:58:00.170121;00.915;03.409
2023-02-23T16:58:00.170121;00.983;03.726
2023-02-23T16:58:00.170121;00.656;02.223
2023-02-23T16:58:00.170121;00.430;02.193
2023-02-23T16:58:00.170121;00.455;01.270
2023-02-23T16:58:00.170121;00.744;02.627
2023-02-23T16:58:00.170121;00.722;02.815
2023-02-23T16:58:00.170121;00.744;02.752
2023-02-23T16:58:00.170121;00.582;02.358
2023-02-23T16:58:00.170121;00.615;02.064
2023-02-23T16:58:00.170121;00.693;02.126
2023-02-23T16:58:00.170121;00.638;02.188
2023-02-23T16:58:00.170121;00.468;01.478
2023-02-23T16:58:00.170121;00.870;02.516
2023-02-23T16:58:00.170121;00.808;02.738
2023-02-23T16:58:00.170121;00.940;03.350
2023-02-23T16:58:00.170121;00.613;02.146
